Period,Train_Start,Train_End,Test_Start,Test_End,Train_Rows,Test_Rows,Threshold,Selected,Selection_Rate,Precision,Recall,F1,Avg_5D_Return,Median_5D_Return,Avg_5D_Close_Return,Median_5D_Close_Return,Positive_10_Rate
1,2022-01-06,2022-12-13,2022-12-14,2023-11-20,101514,104831,0.7,4944,0.04716162203928227,0.38754045307443363,0.1308743169398907,0.19566993464052287,11.415221552096718,7.421911936705817,0.9188044054651051,-0.9399034664796359,0.38754045307443363
1,2022-01-06,2022-12-13,2022-12-14,2023-11-20,101514,104831,0.75,2582,0.02463011895336303,0.44965143299767624,0.07930327868852459,0.13482754616188597,13.114729628228705,8.71864322336696,1.3994708797706634,-0.7103521847564409,0.44965143299767624
1,2022-01-06,2022-12-13,2022-12-14,2023-11-20,101514,104831,0.8,1202,0.011466073966670164,0.49001663893510816,0.04023224043715847,0.0743592980684257,14.633195925825026,9.7833963214085,1.9680409534174554,-0.3820745071823395,0.49001663893510816
2,2022-01-06,2023-11-20,2023-11-21,2024-10-31,206345,107494,0.7,7855,0.07307384598210133,0.4103119032463399,0.19072134445825198,0.26040235921467236,11.448017352842982,7.8454332552693185,1.6240247336616505,0.0,0.4103119032463399
2,2022-01-06,2023-11-20,2023-11-21,2024-10-31,206345,107494,0.75,4272,0.039741753028075984,0.45271535580524347,0.11444464169477483,0.18270275376694534,12.496270171633634,8.89180197694477,1.797062979744817,0.36192587003678334,0.45271535580524347
2,2022-01-06,2023-11-20,2023-11-21,2024-10-31,206345,107494,0.8,2436,0.022661729957020857,0.5192939244663383,0.07485650038463815,0.1308507887251099,14.096148756268754,10.509485417742303,2.7214901417925392,1.4684336523417052,0.5192939244663383
3,2022-01-06,2024-10-31,2024-11-01,2025-10-15,313839,110188,0.7,10258,0.09309543688967946,0.3843829206472997,0.18814715846733787,0.2526349511452827,10.569737513022586,7.348340634164763,1.8420492141797171,0.0,0.3843829206472997
3,2022-01-06,2024-10-31,2024-11-01,2025-10-15,313839,110188,0.75,5286,0.04797255599520819,0.4139235716988271,0.10440425633439901,0.16674922836565942,11.321200547953376,7.942908413961691,1.6923674639769302,-0.18961142933716646,0.4139235716988271
3,2022-01-06,2024-10-31,2024-11-01,2025-10-15,313839,110188,0.8,2814,0.025538171125712418,0.43958777540867094,0.059025623896550077,0.1040763956080939,12.143686313768194,8.401362603055452,1.4673437862303316,-0.5116841679001338,0.43958777540867094
4,2022-01-06,2025-10-15,2025-10-16,2026-09-23,424027,114399,0.7,22552,0.19713459033732814,0.4956544874068819,0.332036239417793,0.39767330167031323,13.794645863991304,9.863325031133252,2.228198149662467,0.12954432949902056,0.4956544874068819
4,2022-01-06,2025-10-15,2025-10-16,2026-09-23,424027,114399,0.75,12522,0.10945899876747174,0.5458393227918863,0.20302985296301798,0.29597072769393984,15.356639335613076,11.272317513767582,3.0992886973493032,0.6824974769039649,0.5458393227918863
4,2022-01-06,2025-10-15,2025-10-16,2026-09-23,424027,114399,0.8,6363,0.05562111556919204,0.5932736130755932,0.11213426407247884,0.18861796742280404,17.29494341835812,12.93859649122806,4.492973172699254,1.650943396226423,0.5932736130755932
