Experiment,Feature_Count,Threshold,Selected,Selection_Rate,Precision,Recall,F1,Avg_5D_Return,Median_5D_Return,Avg_5D_Close_Return,Median_5D_Close_Return,Positive_Rate
V1_Base,14,0.5,69928,64.69962343057522,36.5032604965107,79.5599052487221,0.5004509273418813,10.36420167106775,6.989933851946084,0.9383536687274504,-0.4347826086956496,36.5032604965107
V1_Base,14,0.55,56869,52.6170187174434,38.921029031634106,68.98765739932676,0.4976560655627129,10.95885473443556,7.462686567164178,0.9892059176984458,-0.5275056518462717,38.921029031634106
V1_Base,14,0.6,44241,40.93318899714104,41.72600076851789,57.53646677471637,0.48372093023255813,11.694083255195881,8.010335917312661,1.154687929457813,-0.5494505494505475,41.72600076851789
V1_Base,14,0.65,32396,29.973815934345538,45.26484751203853,45.705024311183145,0.45483870967741935,12.641021015818895,8.778625954198471,1.5299662191779508,-0.3361344537815114,45.26484751203853
V1_Base,14,0.7,21613,19.99703925759384,49.539628927034656,33.371774093005854,0.39879322867199285,13.867012196447277,9.859154929577477,2.1919497106693884,0.0,49.539628927034656
V1_Base,14,0.75,11957,11.062999047011038,54.4200050179811,20.281137015334746,0.2954973774437456,15.44004585379318,11.247672253258845,3.0384408554430427,0.5006257822277815,54.4200050179811
V1_Base,14,0.8,5976,5.529186443500707,59.387550200803204,11.061588330632091,0.18649500788229112,17.51068474031271,13.056379821958464,4.593668643936899,1.6882890883779034,59.387550200803204
V2_All,19,0.5,72407,66.99327356334601,36.17191707984035,81.6325894526867,0.5013063326028079,10.282527139307176,6.950672645739919,0.9647734424413686,-0.4037685060565232,36.17191707984035
V2_All,19,0.55,59481,55.033724706470146,38.41562852003161,71.21929933923451,0.4990990007098782,10.83198998715064,7.371007371007376,0.9818728889998842,-0.5102040816326481,38.41562852003161
V2_All,19,0.6,46854,43.35082021816971,41.05305843684637,59.95200099738187,0.48734449821378806,11.507664361153083,7.882154087451743,1.0660047431697999,-0.6012024048096198,41.05305843684637
V2_All,19,0.65,34688,32.09444768275645,44.39287361623616,47.99588579977559,0.46124123884262863,12.39748207727224,8.615715200985163,1.3267463807562572,-0.5000000000000004,44.39287361623616
V2_All,19,0.7,22985,21.26645756423423,48.59256036545573,34.81174417154968,0.40563656503659046,13.61948988360193,9.586466165413544,1.9633315371519247,-0.1672240802675584,48.59256036545573
V2_All,19,0.75,12524,11.58760559210222,53.81667198977962,21.007355691310313,0.30218794835007173,15.193793451845622,11.077844311377238,2.7791514452775012,0.19286421020525685,53.81667198977962
V2_All,19,0.8,6317,5.844690556156956,59.126167484565464,11.641316544071811,0.19452618421395276,17.296366965813423,12.948061448427218,4.325159739240564,1.334445371142623,59.126167484565464
V2_No_Golden_Trend,18,0.5,72540,67.11632941960197,36.17038875103391,81.77907991522254,0.5015675179691085,10.279438835365001,6.949806949806958,0.9612802221175367,-0.4058559978915965,36.17038875103391
V2_No_Golden_Trend,18,0.55,59608,55.15122917071456,38.49818816266273,71.52474753771351,0.5005453038433015,10.846727031193012,7.382914690043652,0.9897081370463737,-0.5095549670249777,38.49818816266273
V2_No_Golden_Trend,18,0.6,46974,43.46184805840064,41.0354664282369,60.07979054980675,0.48764198436590855,11.49214997482924,7.878787878787885,1.053471834155461,-0.6100662481701102,41.0354664282369
V2_No_Golden_Trend,18,0.65,35159,32.53023195566288,44.22196308199892,48.46029173419773,0.46244218729087044,12.358743020022379,8.579881656804744,1.309462302507509,-0.5333333333333301,44.22196308199892
V2_No_Golden_Trend,18,0.7,23630,21.863232205475523,48.06601777401608,35.40082284004488,0.40772516782137347,13.501920895418031,9.447961363829872,1.8837455794113107,-0.2437546233166665,48.06601777401608
V2_No_Golden_Trend,18,0.75,12870,11.90773586476809,53.581973581973585,21.493579354195237,0.306802509231659,15.11359530239347,11.033808907018251,2.727479995832921,0.20233302152692365,53.581973581973585
V2_No_Golden_Trend,18,0.8,6342,5.867821356205068,58.75118259224219,11.613265178905372,0.19393119242179774,17.225150057339924,12.772999090003037,4.203698708454615,1.216606445808488,58.75118259224219
V2_No_Pullback_MA20,18,0.5,71870,66.49642397831256,36.24739112286072,81.19623488343099,0.5012024549319891,10.297216236268754,6.9634703196347125,0.9539660658617952,-0.4185195159492783,36.24739112286072
V2_No_Pullback_MA20,18,0.55,59251,54.82092134602752,38.4702367892525,71.04475751153223,0.4991295779274101,10.839366422499982,7.377049180327866,0.9662296842132401,-0.5402160864345751,38.4702367892525
V2_No_Pullback_MA20,18,0.6,46888,43.38227810623514,41.03608599215151,59.97070190749283,0.4872866332370967,11.491228687399868,7.870370370370372,1.0460472841792265,-0.6211180124223614,41.03608599215151
V2_No_Pullback_MA20,18,0.65,34941,32.328531379243344,44.30325405683867,48.24834808627353,0.461917195076464,12.361232661939322,8.58447488584475,1.2815052098909314,-0.557880055788007,44.30325405683867
V2_No_Pullback_MA20,18,0.7,23156,21.424672236563318,48.518742442563486,35.01745418277023,0.4067704561911658,13.615116434260187,9.564691020107373,1.92652509668128,-0.19910644910645092,48.518742442563486
V2_No_Pullback_MA20,18,0.75,12622,11.67827832829082,53.76327048011409,21.15072933549433,0.303583411622601,15.212500145856712,11.091372938755526,2.818079483401207,0.22598898910145546,53.76327048011409
V2_No_Pullback_MA20,18,0.8,6205,5.741064571941414,59.19419822723609,11.448073806258572,0.1918566690172112,17.349603810859342,12.86089238845145,4.363061477513279,1.3605442176870763,59.19419822723609
V2_No_Near_High,18,0.5,70485,65.21497765564716,36.4290274526495,80.0305448198479,0.5006775926449512,10.347115650342376,6.991525423728806,0.9488280052880662,-0.4217185028993153,36.4290274526495
V2_No_Near_High,18,0.55,57361,53.072232862390244,38.815571555586544,69.39596060341603,0.4978478394544133,10.943605537811719,7.448789571694592,1.000325112840361,-0.5259697567389865,38.815571555586544
V2_No_Near_High,18,0.6,44405,41.084927045456645,41.61243103254138,57.59256950504924,0.48315444050778544,11.661233791555219,7.985257985257976,1.1446036334280638,-0.5617977528089901,41.61243103254138
V2_No_Near_High,18,0.65,32748,30.299497599022956,44.937095395138634,45.86709886547812,0.45397334649555776,12.575689833263782,8.733250583238616,1.4944997660778605,-0.38822391640186416,44.937095395138634
V2_No_Near_High,18,0.7,21885,20.248702362117303,48.914781814027876,33.365540456302206,0.39670922196075525,13.742617419667905,9.67503692762186,2.091078196629714,-0.103519668737062,48.914781814027876
V2_No_Near_High,18,0.75,12155,11.246194983392085,54.134101192924724,20.508664755018078,0.2974750785506001,15.335093893032022,11.158798283261806,2.925158312988213,0.4166666666666652,54.134101192924724
V2_No_Near_High,18,0.8,6135,5.6762983318067,59.396903015484924,11.357686074055604,0.19069049425678328,17.408055304964364,12.984398590840463,4.483781370255167,1.5025041736226985,59.396903015484924
V2_No_Momentum_10D,18,0.5,72645,67.21347877980403,36.18418335742308,81.9286871961102,0.5019813041277965,10.28446977431233,6.954689146469972,0.9747600468603514,-0.3863987635239541,36.18418335742308
V2_No_Momentum_10D,18,0.55,59539,55.08738816258176,38.52768773409026,71.49669617254706,0.5007258002903201,10.851429325470747,7.383279044516833,1.0002950618765896,-0.492610837438423,38.52768773409026
V2_No_Momentum_10D,18,0.6,46839,43.33694173814084,41.15587437818912,60.08290736815859,0.4885014507811411,11.532776288801927,7.902735562310026,1.0891112273712742,-0.5802707930367523,41.15587437818912
V2_No_Momentum_10D,18,0.65,35011,32.39329761937806,44.28322527205735,48.32315172671737,0.4621506818689917,12.370352331550059,8.581314878892732,1.3282446066156968,-0.4950495049504955,44.28322527205735
V2_No_Momentum_10D,18,0.7,23746,21.970559117698762,48.13021140402594,35.622116943024565,0.4094214579974924,13.503985221460661,9.454529294502546,1.8270830461277152,-0.26472546340096104,48.13021140402594
V2_No_Momentum_10D,18,0.75,12825,11.86610042468149,53.52826510721248,21.396957985288616,0.3057293638246231,15.126200195157303,11.001788908765665,2.73250044442431,0.2166847237269786,53.52826510721248
V2_No_Momentum_10D,18,0.8,6424,5.943690380362876,58.82627646326276,11.778456551552177,0.19627090474706554,17.227934187607055,12.847159672757424,4.325767785024757,1.338363625168626,58.82627646326276
V2_No_MA20_Bounce,18,0.5,72559,67.13390882763854,36.158160944886234,81.77284627851888,0.501438223292528,10.278439633388588,6.952662721893499,0.9732144016551394,-0.3913894324853229,36.158160944886234
V2_No_MA20_Bounce,18,0.55,59509,55.05963120252403,38.47653296140079,71.36578980177035,0.4999727053377441,10.841816370516087,7.376283846872078,0.9896523290700954,-0.5102040816326481,38.47653296140079
V2_No_MA20_Bounce,18,0.6,46783,43.28512874603307,41.108949832204004,59.94265054232639,0.4877071525479605,11.519191175957292,7.8947368421052655,1.0815129110300936,-0.5870841487279899,41.108949832204004
V2_No_MA20_Bounce,18,0.65,34928,32.31650336321833,44.35982592762254,48.2919835431991,0.4624246403629201,12.389895800689276,8.606312123647431,1.333638271542686,-0.5063294744997948,44.35982592762254
V2_No_MA20_Bounce,18,0.7,23361,21.614344796957838,48.23851718676426,35.12342600673233,0.40649292091261613,13.552218884736451,9.492273730684332,1.8879442658815562,-0.225733634311509,48.23851718676426
V2_No_MA20_Bounce,18,0.75,12766,11.811511736567946,53.540654864483784,21.303453434733825,0.30479375696767,15.128227146656926,11.001788908765665,2.755063336061674,0.22541577110105626,53.540654864483784
V2_No_MA20_Bounce,18,0.8,6409,5.929811900334009,58.88594164456234,11.762872459793043,0.1960876003429195,17.264459316288836,12.72321428571428,4.287391078175756,1.3093289689034338,58.88594164456234
