Experiment,Feature_Count,Threshold,Selected,Selection_Rate,Precision,Recall,F1,Avg_5D_Return,Median_5D_Return,Avg_5D_Close_Return,Median_5D_Close_Return,Positive_10_Rate
V1_Base,14,0.7,21400,0.19889400065058785,0.49757009345794395,0.332573320423525,0.3986745792537956,13.928050858588191,9.913668886018078,2.1991014580516164,0.0,0.49757009345794395
V1_Base,14,0.75,11798,0.10965193549886147,0.5499237158840481,0.2026423462535528,0.2961542850621933,15.589756208268879,11.463419785418594,3.1541600664339433,0.573070607553372,0.5499237158840481
V1_Base,14,0.8,5951,0.0553092615827873,0.5963703579230382,0.11084736233875754,0.18694690265486727,17.6170835281675,13.138686131386867,4.618463424241953,1.6096579476861272,0.5963703579230382
V1_Pullback,15,0.7,21514,0.19995352943910033,0.4933996467416566,0.3315426179841959,0.3965926285703611,13.83956660255388,9.80392156862746,2.131773968192685,0.0,0.4933996467416566
V1_Pullback,15,0.75,11884,0.1104512291463358,0.5467014473241333,0.20292344691882439,0.2959841461470126,15.502321193963152,11.316847057293211,3.1078431653142795,0.5241893012030485,0.5467014473241333
V1_Pullback,15,0.8,5999,0.055755378967424135,0.5945990998499749,0.11140956366930069,0.1876578282828283,17.582729121446015,13.021702838063431,4.664519501601876,1.650943396226423,0.5945990998499749
V1_Pullback_NearHigh,16,0.7,24121,0.2241832798921883,0.4796235645288338,0.3613392885029828,0.4121628843207809,13.484626432322418,9.418384598603849,1.8130843913428782,-0.3278688524590123,0.4796235645288338
V1_Pullback_NearHigh,16,0.75,12836,0.11929922394163298,0.5342006855718292,0.21416747352968735,0.3057543531090451,15.114096517048957,10.97039476981617,2.7073670300233164,0.1974381763183319,0.5342006855718292
V1_Pullback_NearHigh,16,0.8,6276,0.058329848041265855,0.5933715742511153,0.11631320860792704,0.19450030031598464,17.35441588779003,12.9836985226227,4.451166402448028,1.5021907601530216,0.5933715742511153
V1_Pullback_NearHigh_Momentum,17,0.7,23655,0.21985222361633905,0.4820122595645741,0.35612330949183246,0.40961345020836326,13.544711953610287,9.491059147180202,1.876432912094738,-0.25380710659898,0.4820122595645741
V1_Pullback_NearHigh_Momentum,17,0.75,12635,0.11743110739346624,0.5378709932726553,0.21226223568729113,0.30439845919555675,15.180287298559719,11.073825503355694,2.779124288165662,0.2793296089385499,0.5378709932726553
V1_Pullback_NearHigh_Momentum,17,0.8,6151,0.05716808401877411,0.5925865712892213,0.11384576943498766,0.19099769440368897,17.350349555768982,12.94619072988812,4.337863685789756,1.35823429541595,0.5925865712892213
V1_Pullback_NearHigh_Momentum_Golden,18,0.7,23423,0.21769598959059436,0.4840114417452931,0.35409313802042663,0.408982683982684,13.582415036390495,9.527622097678146,1.928175976668986,-0.19267822736031,0.4840114417452931
V1_Pullback_NearHigh_Momentum_Golden,18,0.75,12617,0.11726381337422742,0.537766505508441,0.21191866820751476,0.30402831921853296,15.191282761054365,11.092003439380903,2.7726767104915244,0.2178649237472685,0.537766505508441
V1_Pullback_NearHigh_Momentum_Golden,18,0.8,6150,0.05715878990659417,0.5923577235772358,0.11378330262048286,0.19089789608824376,17.42779780570586,12.97670347427956,4.3880852752168735,1.3325246303000693,0.5923577235772358
V2_All,19,0.7,22893,0.21277011013522934,0.485301183767964,0.3470031545741325,0.4046621744673101,13.62998060547067,9.565217391304335,1.9463018963690415,-0.19267822736031,0.485301183767964
V2_All,19,0.75,12490,0.1160834611273758,0.5389911929543635,0.2102632976231377,0.3025142112476689,15.271534797433391,11.134237200034658,2.8661701107170723,0.33793428981457874,0.5389911929543635
V2_All,19,0.8,6245,0.0580417305636879,0.5939151321056846,0.11584470749914108,0.19387381736448694,17.444402869773217,13.017241379310352,4.466196844082433,1.5337423312883347,0.5939151321056846
