Feature,Importance
Pullback_MA20,0.13090061093677596
High_20D_Gap,0.1187507933308455
Near_High,0.11406471223013286
MA60_Gap,0.11010891591905446
MA60_Change,0.10150933536383135
MA20_Gap,0.07812280884277484
MA20_MA60_Gap,0.07205862404668992
Momentum_10D,0.046010233131775435
MA20_Change,0.04471917537249216
Return_3D,0.03947318295441125
Return_10D,0.03938106095326688
Return_5D,0.038513883143574526
RSI,0.02616669428817798
Return_1D,0.023246401332882527
Volume_Ratio_5D,0.00687399981144823
Volume_Ratio,0.005136343084603198
RSI_Change,0.0025822202002112066
Golden_Trend,0.0017658259667061634
MA20_Bounce,0.0006151790903457508
