Date,Close,Benchmark_Value,Daily_Return,High_Watermark,Drawdown
2025-11-05,4004.419921875,1.0,,1.0,0.0
2025-11-06,4026.449951171875,1.0055014283533381,0.005501428353338111,1.0055014283533381,0.0
2025-11-07,3953.760009765625,0.9873490010793737,-0.018053109386121702,1.0055014283533381,-0.018053109386121702
2025-11-10,4073.239990234375,1.0171860268658217,0.03021933050403658,1.0171860268658217,0.0
2025-11-11,4106.39013671875,1.0254644160285777,0.00813852033365392,1.0254644160285777,0.0
2025-11-12,4150.39013671875,1.0364522746593974,0.010715007228991436,1.0364522746593974,0.0
2025-11-13,4170.6298828125,1.0415066262230748,0.004876588809010318,1.0415066262230748,0.0
2025-11-14,4011.570068359375,1.001785563608181,-0.03813807960006799,1.0415066262230748,-0.03813807960006799
2025-11-17,4089.25,1.0211841115017928,0.019363972289382136,1.0415066262230748,-0.019512612027231757
2025-11-18,3953.6201171875,0.9873140665368296,-0.03316742258666028,1.0415066262230748,-0.05203285156501536
2025-11-19,3929.510009765625,0.9812931926294334,-0.006098235719982692,1.0415066262230748,-0.05781377869097171
2025-11-20,4004.85009765625,1.0001074252425177,0.019172896290730934,1.0415066262230748,-0.039749339983258025
2025-11-21,3853.260009765625,0.9622517330703427,-0.03785162595207736,1.0415066262230748,-0.0760963887864472
2025-11-24,3846.06005859375,0.9604537320334026,-0.0018685349946869767,1.0415066262230748,-0.07782273501571746
2025-11-25,3857.780029296875,0.9633804906980227,0.0030472666896965706,1.0415066262230748,-0.07501261495413536
2025-11-26,3960.8701171875,0.989124565970317,0.026722645435389047,1.0415066262230748,-0.050294505031347136
2025-11-27,3986.909912109375,0.9956273292743418,0.0065742612485271135,1.0415066262230748,-0.04405089299826148
2025-11-28,3926.590087890625,0.9805640178845348,-0.015129467569743982,1.0415066262230748,-0.05851389401096996
2025-12-01,3920.3701171875,0.9790107415487671,-0.0015840641788169574,1.0415066262230748,-0.060005268426321035
2025-12-02,3994.929931640625,0.9976301211112916,0.019018565141654342,1.0415066262230748,-0.04212791739107524
2025-12-03,4036.300048828125,1.007961234729398,0.010355655266902186,1.0415066262230748,-0.03220852431378751
2025-12-04,4028.510009765625,1.0060158745487775,-0.0019299950371035601,1.0415066262230748,-0.03407635705881307
2025-12-05,4100.0498046875,1.023881082573309,0.017758375863148768,1.0415066262230748,-0.016923121952361675
2025-12-08,4154.85009765625,1.0375660342112207,0.013365762753929866,1.0415066262230748,-0.003783549631502847
2025-12-09,4143.5498046875,1.0347440791742328,-0.002719783554916755,1.0415066262230748,-0.006493042750352562
2025-12-10,4135.0,1.032608987237247,-0.002063400970305329,1.0415066262230748,-0.008543045969946594
2025-12-11,4110.6201171875,1.0265207439240722,-0.005895981333131628,1.0415066262230748,-0.014388657663511384
2025-12-12,4167.16015625,1.0406401520195214,0.01375462520267745,1.0415066262230748,-0.0008319430541652295
2025-12-15,4090.590087890625,1.021518763690317,-0.018374640159805944,1.0415066262230748,-0.01919129655971752
2025-12-16,3999.1298828125,0.9986789499688576,-0.022358682515971284,1.0415066262230748,-0.0411208869688402
2025-12-17,4056.409912109375,1.0129831514298409,0.014323123023098905,1.0415066262230748,-0.027386743468614916
2025-12-18,3994.510009765625,0.9975252565158714,-0.015259774945072246,1.0415066262230748,-0.042228602871877685
2025-12-19,4020.550048828125,1.0040280807876842,0.00651895701821692,1.0415066262230748,-0.03598493230072186
2025-12-22,4105.93017578125,1.0253495527159198,0.02123593187902495,1.0415066262230748,-0.015513173992706242
2025-12-23,4117.31982421875,1.0281938219633286,0.0027739508344983843,1.0415066262230748,-0.012782255940150589
2025-12-24,4108.6201171875,1.0260212958044894,-0.002112953912415838,1.0415066262230748,-0.01486820153486823
2025-12-26,4129.68017578125,1.0312804991359645,0.005125822780658318,1.0415066262230748,-0.009818590520344839
2025-12-29,4220.56005859375,1.0539753924252644,0.02200651840921486,1.0539753924252644,0.0
2025-12-30,4214.169921875,1.0523796215412364,-0.0015140494697470919,1.0539753924252644,-0.0015140494697470919
2026-01-02,4309.6298828125,1.076218270534073,0.022652138548563183,1.076218270534073,0.0
2026-01-05,4457.52001953125,1.1131499958785775,0.03431620365093524,1.1131499958785775,0.0
2026-01-06,4525.47998046875,1.1301212332271517,0.015246137008857685,1.1301212332271517,0.0
2026-01-07,4551.06005859375,1.1365091941863068,0.005652456366042946,1.1365091941863068,0.0
2026-01-08,4552.3701171875,1.1368363473369025,0.0002878579005514137,1.1368363473369025,0.0
2026-01-09,4586.31982421875,1.1453144060054734,0.007457589378129237,1.1453144060054734,0.0
2026-01-12,4624.7900390625,1.1549213442373003,0.008388035793012616,1.1549213442373003,0.0
2026-01-13,4692.64013671875,1.1718651460812588,0.014670957401993423,1.1718651460812588,0.0
2026-01-14,4723.10009765625,1.1794717311876575,0.006491007204912025,1.1794717311876575,0.0
2026-01-15,4797.5498046875,1.198063614277778,0.01576288994344921,1.198063614277778,0.0
2026-01-16,4840.740234375,1.2088493037234735,0.00900260162912736,1.2088493037234735,0.0
2026-01-19,4904.66015625,1.2248116461156446,0.01320457590785229,1.2248116461156446,0.0
2026-01-20,4885.75,1.2200893251256058,-0.0038555487327501803,1.2248116461156446,-0.0038555487327501803
2026-01-21,4909.93017578125,1.2261276967881682,0.004949122607839307,1.2261276967881682,0.0
2026-01-22,4952.52978515625,1.236765844186819,0.008676214905280588,1.236765844186819,0.0
2026-01-23,4990.06982421875,1.2461404951462325,0.00757997239613073,1.2461404951462325,0.0
2026-01-26,4949.58984375,1.2360316700833016,-0.008112107023489856,1.2461404951462325,-0.008112107023489856
2026-01-27,5084.85009765625,1.2698094098171795,0.027327568177603068,1.2698094098171795,0.0
2026-01-28,5170.81005859375,1.2912756802419982,0.016905112104901976,1.2912756802419982,0.0
2026-01-29,5221.25,1.303871747185605,0.009754746516441815,1.303871747185605,0.0
2026-01-30,5224.35986328125,1.3046483548695949,0.0005956166207805591,1.3046483548695949,0.0
2026-02-02,4949.669921875,1.236051667517777,-0.052578679224774216,1.3046483548695949,-0.052578679224774216
2026-02-03,5288.080078125,1.3205608256111534,0.0683702472268708,1.3205608256111534,0.0
2026-02-04,5371.10009765625,1.3412929219324545,0.01569946337890671,1.3412929219324545,0.0
2026-02-05,5163.56982421875,1.2894676195200323,-0.03863831797289696,1.3412929219324545,-0.03863831797289696
2026-02-06,5089.14013671875,1.2708807357885306,-0.014414385790020967,1.3412929219324545,-0.052495756141379135
2026-02-09,5298.0400390625,1.323048067491829,0.04104817252653592,1.3412929219324545,-0.013602438469845546
2026-02-10,5301.68994140625,1.3239595359229523,0.000688915583279881,1.3412929219324545,-0.012922893818398173
2026-02-11,5354.490234375,1.3371450394412814,0.00995914388662733,1.3412929219324545,-0.0030924508907399506
2026-02-12,5522.27001953125,1.3790436885414212,0.031334408657453405,1.3790436885414212,0.0
2026-02-13,5507.009765625,1.3752328359825057,-0.0027634023422029586,1.3790436885414212,-0.0027634023422029586
2026-02-19,5677.25,1.4177459184504622,0.030913370707574606,1.4177459184504622,0.0
2026-02-20,5808.52978515625,1.4505296393682177,0.023123833749834954,1.4505296393682177,0.0
2026-02-23,5846.08984375,1.45990928968625,0.00646636239857723,1.45990928968625,0.0
2026-02-24,5969.64013671875,1.4907627704348174,0.02113383411321279,1.4907627704348174,0.0
2026-02-25,6083.85986328125,1.5192861842602632,0.019133435843132984,1.5192861842602632,0.0
2026-02-26,6307.27001953125,1.5750770754776338,0.03672177881650063,1.5750770754776338,0.0
2026-02-27,6244.1298828125,1.5593094642004466,-0.010010691871955357,1.5750770754776338,-0.010010691871955357
2026-03-03,5791.91015625,1.4463793181655231,-0.07242317745620153,1.5750770754776338,-0.08170886321425497
2026-03-04,5093.5400390625,1.2719794972644973,-0.12057682152301596,1.5750770754776338,-0.19243348972063712
2026-03-05,5583.89990234375,1.394434153081824,0.09627093524752262,1.5750770754776338,-0.11468830650146478
2026-03-06,5584.8701171875,1.3946764390714752,0.0001737521912494877,1.5750770754776338,-0.11453448165478064
2026-03-09,5251.8701171875,1.3115183271609545,-0.059625379464992134,1.5750770754776338,-0.16733069918928023
2026-03-10,5532.58984375,1.3816207969416607,0.053451384040097416,1.5750770754776338,-0.12282337261324716
2026-03-11,5609.9501953125,1.4009395380007346,0.013982665215982237,1.5750770754776338,-0.11055810549721379
2026-03-12,5583.25,1.394271856830075,-0.0047594353573423565,1.5750770754776338,-0.114791346698212
2026-03-13,5487.240234375,1.3702959083785837,-0.017196035575157698,1.5750770754776338,-0.130013426191827
2026-03-16,5549.85009765625,1.3859310976201589,0.011410082410649336,1.5750770754776338,-0.12008680768851732
2026-03-17,5640.47998046875,1.408563559894511,0.016330149682920903,1.5750770754776338,-0.10571769355009397
2026-03-18,5925.02978515625,1.4796224923339103,0.05044779977463065,1.5750770754776338,-0.06060311881231417
2026-03-19,5763.22021484375,1.4392147495223784,-0.027309494834587222,1.5750770754776338,-0.08625757308673665
2026-03-20,5781.2001953125,1.4437047832400038,0.003119780226762847,1.5750770754776338,-0.08340689753089825
2026-03-23,5405.75,1.3499458362171097,-0.06494329596420512,1.5750770754776338,-0.1429334746632981
2026-03-24,5553.919921875,1.3869474306467025,0.0274096881792536,1.5750770754776338,-0.1194415484549427
2026-03-25,5642.2099609375,1.4089955776405272,0.015896887298420648,1.5750770754776338,-0.10544340999105917
2026-03-26,5460.4599609375,1.3636082297734486,-0.032212555232489226,1.5750770754776338,-0.13425936355530943
2026-03-27,5438.8701171875,1.3582167263419376,-0.003953850756977961,1.5750770754776338,-0.13768237282606277
2026-03-30,5277.2998046875,1.3178687319626798,-0.029706595123391133,1.5750770754776338,-0.16329889344428228
2026-03-31,5052.4599609375,1.2617208133785762,-0.042605092011313905,1.5750770754776338,-0.1989466210750569
2026-04-01,5478.7001953125,1.3681632551531193,0.08436291186282063,1.5750770754776338,-0.13136742547139724
2026-04-02,5234.0498046875,1.3070681663767039,-0.04465482357189743,1.5750770754776338,-0.1701560598357751
2026-04-03,5377.2998046875,1.3428411379418153,0.02736886452087406,1.5750770754776338,-0.147444173463952
2026-04-06,5450.330078125,1.3610785543123005,0.013581216612441604,1.5750770754776338,-0.1358654281095668
2026-04-07,5494.77978515625,1.3721787156086804,0.008155415615954897,1.5750770754776338,-0.1288180515276851
2026-04-08,5872.33984375,1.466464546255773,0.068712500474305,1.5750770754776338,-0.06895696148007524
2026-04-09,5778.009765625,1.4429080561859624,-0.016063456924312214,1.5750770754776338,-0.08391273122402076
2026-04-10,5858.8701171875,1.4631008314543061,0.013994498943833866,1.5750770754776338,-0.07109254890867578
2026-04-13,5808.6201171875,1.4505521974497906,-0.008576739029013014,1.5750770754776338,-0.0790595456987917
2026-04-14,5967.75,1.4902907578198503,0.027395470800653632,1.5750770754776338,-0.05382994837384225
2026-04-15,6091.39013671875,1.5211666747144146,0.020718048966319014,1.5750770754776338,-0.03422715091378692
2026-04-16,6226.0498046875,1.5547944336897266,0.022106557771932156,1.5750770754776338,-0.012877237630899208
2026-04-17,6191.919921875,1.546271380793586,-0.00548178763150986,1.5750770754776338,-0.018288434980435864
2026-04-20,6219.08984375,1.553056363988425,0.00438796402695929,1.5750770754776338,-0.013980719948280096
2026-04-21,6388.47021484375,1.5953547179069223,0.027235556222744206,1.5953547179069223,0.0
2026-04-22,6417.93017578125,1.6027115789535293,0.004611426514762318,1.6027115789535293,0.0
2026-04-23,6475.81005859375,1.6171655782697147,0.00901846564659059,1.6171655782697147,0.0
2026-04-24,6475.6298828125,1.6171205840421448,-2.782289468350463e-05,1.6171655782697147,-2.782289468350463e-05
2026-04-27,6615.02978515625,1.6519320935899444,0.021526848332351856,1.6519320935899444,0.0
2026-04-28,6641.02001953125,1.6584224804329981,0.003928967097520886,1.6584224804329981,0.0
2026-04-29,6690.89990234375,1.6708786872708525,0.007510876742699679,1.6708786872708525,0.0
2026-04-30,6598.8701171875,1.6478966356999079,-0.013754470474743208,1.6708786872708525,-0.013754470474743208
2026-05-04,6936.990234375,1.7323333640610985,0.05123909262993798,1.7323333640610985,0.0
2026-05-06,7384.56005859375,1.8441023176051072,0.06451931011822665,1.8441023176051072,0.0
2026-05-07,7490.0498046875,1.8704456452659977,0.014285176809007982,1.8704456452659977,0.0
2026-05-08,7498.0,1.8724310003155693,0.0010614342387316178,1.8724310003155693,0.0
2026-05-11,7822.240234375,1.9534015879913942,0.04324356286676445,1.9534015879913942,0.0
2026-05-12,7643.14990234375,1.908678423207169,-0.02289501813613881,1.9534015879913942,-0.02289501813613881
2026-05-13,7844.009765625,1.958837963714899,0.026279723130859578,1.958837963714899,0.0
2026-05-14,7981.41015625,1.9931501470786919,0.017516601168337864,1.9931501470786919,0.0
2026-05-15,7493.18017578125,1.8712273742441823,-0.06117089222465688,1.9931501470786919,-0.06117089222465688
2026-05-18,7516.0400390625,1.8769360321090514,0.003050755853320597,1.9931501470786919,-0.05830675382884354
2026-05-19,7271.66015625,1.8159084956417786,-0.032514446642434636,1.9931501470786919,-0.08892538863501664
2026-05-20,7208.9501953125,1.800248309607109,-0.008623884998750997,1.9931501470786919,-0.09678239130871003
2026-05-21,7815.58984375,1.951740825445321,0.08415090020069194,1.9931501470786919,-0.020775816460221752
2026-05-22,7847.7099609375,1.9597619915103575,0.004109749594035428,1.9931501470786919,-0.016751450269449353
2026-05-26,8047.509765625,2.0096568098824394,0.02545963162273024,2.0096568098824394,0.0
2026-05-27,8228.7001953125,2.0549044195793416,0.022515092862820163,2.0549044195793416,0.0
2026-05-28,8185.2900390625,2.0440638591244147,-0.00527545726781109,2.0549044195793416,-0.00527545726781109
2026-05-29,8476.150390625,2.1166986869489426,0.03553451987338674,2.1166986869489426,0.0
2026-06-01,8788.3798828125,2.194669903324598,0.03683623789082846,2.194669903324598,0.0
2026-06-02,8801.490234375,2.1979438735420773,0.0014917825284430641,2.1979438735420773,0.0
2026-06-04,8639.41015625,2.1574685784214025,-0.01841507219902172,2.1979438735420773,-0.01841507219902172
2026-06-05,8160.58984375,2.037895626073338,-0.05542280130705535,2.1979438735420773,-0.07281725861853561
2026-06-08,7484.41015625,1.8690372893623892,-0.08285916832566576,2.1979438735420773,-0.14964284945531459
2026-06-09,8096.93017578125,2.021998275343212,0.08183945117168023,2.1979438735420773,-0.08005008695482363
2026-06-10,7730.81982421875,1.9305717120193848,-0.045215945255100976,2.1979438735420773,-0.12164649186050924
2026-06-11,7763.9501953125,1.9388451627913101,0.004285492592902118,2.1979438735420773,-0.11788231440742791
2026-06-12,8123.6201171875,2.0286633958667744,0.04632563486717789,2.1979438735420773,-0.07701765259478643
2026-06-15,8545.98046875,2.134136937553865,0.05199164233060238,2.1979438735420773,-0.029030284511034732
2026-06-16,8726.599609375,2.1792418826267657,0.02113498167769845,2.1979438735420773,-0.008508857364575295
2026-06-17,8864.240234375,2.213614058293985,0.015772538120361723,2.213614058293985,0.0
2026-06-18,9063.83984375,2.263458883079878,0.022517396200631312,2.263458883079878,0.0
2026-06-19,9052.419921875,2.260607053826753,-0.0012599430342841167,2.263458883079878,-0.0012599430342841167
2026-06-22,9114.5498046875,2.2761223803970516,0.006863345199261461,2.2761223803970516,0.0
2026-06-23,8203.83984375,2.048696191659314,-0.09991826041360086,2.2761223803970516,-0.09991826041360086
2026-06-24,8471.01953125,2.115417387915599,0.03256763815343722,2.2761223803970516,-0.07060472401023477
2026-06-25,8930.2998046875,2.230110722380495,0.05421782723356894,2.2761223803970516,-0.020214931504926592
2026-06-26,8411.2099609375,2.100481499202785,-0.05812681042102652,2.2761223803970516,-0.0771667124346922
2026-06-29,8394.650390625,2.096346176075947,-0.001968750083448656,2.2761223803970516,-0.07898354054659573
2026-06-30,8476.48046875,2.116781115398366,0.009747883987686556,2.2761223803970516,-0.07000557894909398
2026-07-01,8303.41015625,2.073561294331508,-0.020417709111470672,2.2761223803970516,-0.08899393451340198
2026-07-02,7648.08984375,1.9099120454302692,-0.07892182852207286,2.2761223803970516,-0.16089219899630347
2026-07-03,8088.33984375,2.0198530627534126,0.05756339282020484,2.2761223803970516,-0.11259030702862949
2026-07-06,8051.330078125,2.010610833829611,-0.004575693694868543,2.2761223803970516,-0.11665082196552379
2026-07-07,7656.31005859375,1.9119648308534076,-0.04906270339164154,2.2761223803970516,-0.1599903206786797
2026-07-08,7246.7900390625,1.8096978290102295,-0.053487909501730324,2.2761223803970516,-0.20492068238679595
2026-07-09,7291.91015625,1.8209654078525535,0.006226221119183473,2.2761223803970516,-0.1999703427480466
2026-07-10,7475.93994140625,1.8669220729243028,0.025237527782554503,2.2761223803970516,-0.17977957204628292
2026-07-13,6806.93017578125,1.699854238212366,-0.08948838151034644,2.2761223803970516,-0.25317977062558483
2026-07-14,6856.830078125,1.7123154444088393,0.00733074984686799,2.2761223803970516,-0.24770501834346037
2026-07-15,7284.41015625,1.8190924774041184,0.06235827244561398,2.2761223803970516,-0.20079320291785363
2026-07-16,6820.60009765625,1.7032679466000216,-0.06367160122028581,2.2761223803970516,-0.25167997939420994
2026-07-20,6516.27001953125,1.6272694039740268,-0.044619252524360165,2.2761223803970516,-0.28506945936265415
2026-07-21,6747.9501953125,1.685125518043295,0.03555410918928059,2.2761223803970516,-0.2596507408580825
2026-07-22,6797.7001953125,1.6975492900179148,0.007372609245776429,2.2761223803970516,-0.254192435065029
2026-07-23,7096.89013671875,1.7722642168346208,0.04401340641832996,2.2761223803970516,-0.22136690359968114
2026-07-24,6690.6201171875,1.6708088181857645,-0.05724620385896084,2.2761223803970516,-0.2659406925675477
2026-07-27,6755.75,1.687073316935437,0.009734506170091528,2.2761223803970516,-0.25879498771013343
2026-07-28,6023.66015625,1.5042528690221693,-0.10836544332605558,2.2761223803970516,-0.33911599746241927
2026-07-29,5663.240234375,1.4142473429018618,-0.059834039857151855,2.2761223803970516,-0.3786593572112069
2026-07-30,5593.56005859375,1.396846526518793,-0.012303941365280902,2.2761223803970516,-0.38630429604794614
2026-07-31,6595.4501953125,1.6470425989251134,0.17911493328465844,2.2761223803970516,-0.2763822309774926
2026-08-03,6257.4501953125,1.562635866715636,-0.051247449376575105,2.2761223803970516,-0.3134657959634638
2026-08-04,6358.9501953125,1.5879828587844584,0.016220664461066736,2.2761223803970516,-0.3023297549987416
2026-08-05,6598.259765625,1.6477442162298204,0.03763350285223299,2.2761223803970516,-0.27607397984356874
2026-08-06,6296.3798828125,1.5723575463245447,-0.04575143955156269,2.2761223803970516,-0.309194637394559
2026-08-07,6258.77001953125,1.5629654585777533,-0.0059732519290830455,2.2761223803970516,-0.3133209918593629
2026-08-10,6299.66015625,1.573176709524583,0.006533254392020682,2.2761223803970516,-0.30883474321351967
2026-08-11,6345.52978515625,1.5846314594761746,0.007281286254900987,2.2761223803970516,-0.3038021711294152
2026-08-12,6579.0400390625,1.642944588084553,0.03679917387709497,2.2761223803970516,-0.27818266617195064
2026-08-13,6813.33984375,1.7014548865194368,0.03561306866904057,2.2761223803970516,-0.2524765358958285
2026-08-14,6977.93994140625,1.7425594911482087,0.024158503968834122,2.2761223803970516,-0.23441748732147127
2026-08-18,6869.830078125,1.7155618571861269,-0.015493091684515514,2.2761223803970516,-0.24627872738246148
2026-08-19,6471.169921875,1.6160068244903214,-0.058030570147494465,2.2761223803970516,-0.2900176025647524
2026-08-20,6852.580078125,1.711254117154726,0.05893990744404487,2.2761223803970516,-0.24817130577301771
2026-08-21,6912.9501953125,1.7263299879088683,0.00880983753553144,2.2761223803970516,-0.2415478171223273
2026-08-24,6696.9599609375,1.6723920297054573,-0.031244291984261263,2.2761223803970516,-0.2652451185802577
2026-08-25,6742.740234375,1.6838244654466281,0.006835978369966522,2.2761223803970516,-0.26022235010364503
2026-08-26,6808.2099609375,1.7001738313572454,0.009709661693436011,2.2761223803970516,-0.2530393593947864
2026-08-27,6912.3701171875,1.7261851284444971,0.015299198592232832,2.2761223803970516,-0.24161146021358582
2026-08-28,6788.8798828125,1.6953466457717863,-0.01786510737727187,2.2761223803970516,-0.2551601529105626
2026-08-31,6820.02001953125,1.7031230871356504,0.0045869329338981135,2.2761223803970516,-0.25174362248546844
2026-09-01,6835.7998046875,1.7070636791475045,0.0023137446973848785,2.2761223803970516,-0.25001234825970975
2026-09-02,6562.72021484375,1.6388691353255656,-0.03994844753301452,2.2761223803970516,-0.2799731906156655
2026-09-03,6579.47998046875,1.6430544520385921,0.0025537833514663877,2.2761223803970516,-0.27813439813725027
2026-09-04,6687.2099609375,1.6699572201224917,0.016373631470655514,2.2761223803970516,-0.26631483680100676
2026-09-07,6995.39013671875,1.7469172247657982,0.046085015661456064,2.2761223803970516,-0.23250294456440335
2026-09-08,6954.52001953125,1.7367109731775874,-0.005842435716769123,2.2761223803970516,-0.23698699677359536
2026-09-09,7051.64013671875,1.760964203129062,0.013965035245386614,2.2761223803970516,-0.22633149329085034
2026-09-10,7033.919921875,1.7565390391379057,-0.002512921036834981,2.2761223803970516,-0.22827566115689646
2026-09-11,6909.91015625,1.7255708170122566,-0.017630249846794177,2.2761223803970516,-0.2418813540635525
2026-09-14,6684.3701171875,1.6692480428120684,-0.03264008271634333,2.2761223803970516,-0.26662640937572024
2026-09-15,6627.259765625,1.6549862139637694,-0.008543864352402064,2.2761223803970516,-0.2728922538536481
2026-09-16,6717.97021484375,1.6776387956081733,0.013687474525935661,2.2761223803970516,-0.2629399851006594
2026-09-17,6715.41015625,1.6769994873828382,-0.000381076204847397,2.2761223803970516,-0.2632208611338821
2026-09-18,6894.22998046875,1.7216550998579208,0.026628280337028132,2.2761223803970516,-0.24360169967768097
2026-09-21,7007.72021484375,1.7499963419327178,0.016461625837332905,2.2761223803970516,-0.23115015387378035
2026-09-22,7017.91015625,1.7525410154697227,0.0014541022035476914,2.2761223803970516,-0.2300321676183309
2026-09-23,7080.919921875,1.7682760699480993,0.008978422952434784,2.2761223803970516,-0.22311907075943893
