Date,KOSPI,AI_0.65,AI_0.70,AI_0.75,AI_0.80
2025-11-05,1.0,0.9950805766845341,0.9949003746371081,0.9943223888403807,0.9932024582701972
2025-11-06,1.0055014283533381,0.9979308243213381,0.9979933544323469,0.997808176502786,0.9974229689257554
2025-11-07,0.9873490010793737,0.9878352378330384,0.9839865068203211,0.9801998937945589,0.9825823867189868
2025-11-10,1.0171860268658217,0.9866365197149333,0.987322879559551,0.9836535802107327,0.9606598697587193
2025-11-11,1.0254644160285777,0.9915566726579848,0.990561380646246,0.9854292295439709,0.9570864974909872
2025-11-12,1.0364522746593974,1.0076601024383147,1.0104713984242837,1.0231663548229397,0.9713673535530019
2025-11-13,1.0415066262230748,1.0235619276769028,1.0201137176449635,1.0380884089248579,0.9791577202975373
2025-11-14,1.001785563608181,0.9893610994550333,0.9920312614878953,1.0164514210722584,0.9528772279807005
2025-11-17,1.0211841115017928,1.0073777937362491,1.0139946630211447,1.0523580036331919,0.9739727627415878
2025-11-18,0.9873140665368296,0.9846252003395917,0.9922841541259237,1.0397150510283664,0.9647241570675547
2025-11-19,0.9812931926294334,0.9723752964872872,0.9793650187439249,1.0331279046798014,0.9595952987487983
2025-11-20,1.0001074252425177,0.9978889492831882,1.0160091035042134,1.0542204052664657,0.9934824548622552
2025-11-21,0.9622517330703427,0.9588570788709477,0.9848666568984848,1.0175862637138895,0.9861604969287499
2025-11-24,0.9604537320334026,0.9566823664050157,0.9784821223032428,1.011078408564586,0.9771943990436722
2025-11-25,0.9633804906980227,0.9688634551721569,0.9847234956433194,1.0276315129454594,0.996930936007915
2025-11-26,0.989124565970317,0.993905442781804,1.000443859572977,1.0475917532588868,1.0195464330215427
2025-11-27,0.9956273292743418,1.0080730598467595,1.0197716064264881,1.0573270163887503,1.0149496648957725
2025-11-28,0.9805640178845348,1.0428425419335718,1.0640481483434348,1.1043670523263758,1.0479863945839092
2025-12-01,0.9790107415487671,1.0447250397905588,1.0718725676345873,1.1271218470641702,1.0616052194302945
2025-12-02,0.9976301211112916,1.0498962098985465,1.0807539032241715,1.1438019299070992,1.0943649477307476
2025-12-03,1.007961234729398,1.049783063813743,1.0732209902198337,1.146537937053694,1.0951364931849765
2025-12-04,1.0060158745487775,1.0553109080574785,1.0809485201434657,1.1677393486269598,1.111054092840034
2025-12-05,1.023881082573309,1.0578034343943339,1.0852420065169708,1.1572171970304954,1.1095161998660323
2025-12-08,1.0375660342112207,1.0498727156806817,1.0855453743319534,1.13849120731281,1.107990943384769
2025-12-09,1.0347440791742328,1.0489528960858334,1.0774520624974697,1.1392587947552963,1.1323514204749283
2025-12-10,1.032608987237247,1.0530305214814153,1.0803284617958568,1.1417576159082232,1.15534208219438
2025-12-11,1.0265207439240722,1.051925245224232,1.0809146102757532,1.1292085144927482,1.143437623701066
2025-12-12,1.0406401520195214,1.076710495898129,1.1046887676767814,1.1567239761481647,1.1534875904551514
2025-12-15,1.021518763690317,1.077438618024948,1.1169419965725012,1.1558781644772942,1.1624691866982264
2025-12-16,0.9986789499688576,1.0398879143650477,1.0717059079133302,1.1077072717806427,1.1131574549863428
2025-12-17,1.0129831514298409,1.0422287790855544,1.0656664399840914,1.0943269843103403,1.0891577615529477
2025-12-18,0.9975252565158714,1.0365707476223267,1.07321753734989,1.0844807289668528,1.0816485078998626
2025-12-19,1.0040280807876842,1.0564881522107419,1.1028397868771374,1.1375569895137416,1.1170907685150422
2025-12-22,1.0253495527159198,1.0893858422923997,1.1462665532027358,1.1944429932509315,1.216592392307006
2025-12-23,1.0281938219633286,1.0680852033060797,1.1297079126470826,1.162836695488108,1.1527314069068102
2025-12-24,1.0260212958044894,1.072656913938652,1.1329838238470742,1.1616407050632087,1.1557524965546222
2025-12-26,1.0312804991359645,1.0678947541083503,1.1320077050874702,1.1563841736438314,1.1268524678288272
2025-12-29,1.0539753924252644,1.0991811733040775,1.1644547588235008,1.203744299621138,1.178495488272928
2025-12-30,1.0523796215412364,1.091148111217224,1.1582303300254706,1.191439412188949,1.1495833986203516
2026-01-02,1.076218270534073,1.119234040071136,1.191675341777338,1.242047453708936,1.203212674488543
2026-01-05,1.1131499958785775,1.1391396026638765,1.2176336492436162,1.2534911458566635,1.230773386579328
2026-01-06,1.1301212332271517,1.1372991407893809,1.2151457238545944,1.260594396189679,1.228908418953903
2026-01-07,1.1365091941863068,1.1296615849254565,1.2178525133802103,1.2689080019498398,1.2162720505530495
2026-01-08,1.1368363473369025,1.1239788492718479,1.2180519320589431,1.2783449354097682,1.2287808800144948
2026-01-09,1.1453144060054734,1.121026096464575,1.2245199139209308,1.2931940855067348,1.2713750177209278
2026-01-12,1.1549213442373003,1.1351677071475201,1.2352200706463512,1.3199185056999585,1.3064402372272708
2026-01-13,1.1718651460812588,1.1394396820195718,1.2325062038677075,1.3213971260388042,1.2931165008928167
2026-01-14,1.1794717311876575,1.1383231653987986,1.220832095204032,1.304071518340585,1.2938315371277829
2026-01-15,1.198063614277778,1.1484593445751425,1.2297493274606537,1.3171506245975482,1.34747663016443
2026-01-16,1.2088493037234735,1.1523175397101018,1.2370123419448786,1.3089117694749228,1.3763067876325998
2026-01-19,1.2248116461156446,1.1918569125053626,1.2931963383855467,1.3891203131924037,1.4908184258891997
2026-01-20,1.2200893251256058,1.1998121404768347,1.2980990958642835,1.4164269783188947,1.5084471735240725
2026-01-21,1.2261276967881682,1.1988720018661854,1.3002932584715856,1.4175244564645688,1.5156678478032912
2026-01-22,1.236765844186819,1.2074201815118404,1.2952676556530407,1.409772189059821,1.518859094892186
2026-01-23,1.2461404951462325,1.2078365357304395,1.2878564787561084,1.391430626050075,1.4700473848177085
2026-01-26,1.2360316700833016,1.2509762313678923,1.3281807535429422,1.415546798621943,1.5006785078696512
2026-01-27,1.2698094098171795,1.2589201136426957,1.3331900774841334,1.4247227217485203,1.5054262744730997
2026-01-28,1.2912756802419982,1.3056078544814809,1.377814720465333,1.4649080164706059,1.541221294104942
2026-01-29,1.303871747185605,1.3403255738621662,1.4228864142477073,1.5133819749261181,1.5865733984273467
2026-01-30,1.3046483548695949,1.3450728931448164,1.4255584327147948,1.515213475923361,1.6057117299593724
2026-02-02,1.236051667517777,1.2790468891105122,1.3579555943432777,1.4363287782772989,1.5176922888071716
2026-02-03,1.3205608256111534,1.349870642290567,1.4370940155084644,1.5099839001768531,1.600569030967456
2026-02-04,1.3412929219324545,1.3667257107478095,1.4581591726505694,1.5267956800552047,1.6250043450425842
2026-02-05,1.2894676195200323,1.3336021285041448,1.4222424439913353,1.478678774990307,1.5640011955077882
2026-02-06,1.2708807357885306,1.2987692575100662,1.3800480549369263,1.4458907987527927,1.5527055771495097
2026-02-09,1.323048067491829,1.3627807960334406,1.44843629994581,1.5159036703144886,1.6272862646397381
2026-02-10,1.3239595359229523,1.355892506432576,1.4339732816815807,1.5000342251363825,1.586572723496105
2026-02-11,1.3371450394412814,1.3549629388789086,1.4337587222420847,1.49590021925954,1.5844154118673746
2026-02-12,1.3790436885414212,1.369688750700698,1.4442565661991984,1.5135909269840886,1.5983806902396556
2026-02-13,1.3752328359825057,1.3528446381001884,1.4211214259068579,1.49324348442443,1.595634474981364
2026-02-19,1.4177459184504622,1.405931294681393,1.474376253082934,1.5580284384220533,1.6804842439853498
2026-02-20,1.4505296393682177,1.4135864076912332,1.4864290849023147,1.5743199207350993,1.6964678585922828
2026-02-23,1.45990928968625,1.420492884928125,1.4927316515827476,1.5774359823958366,1.689907146914697
2026-02-24,1.4907627704348174,1.4349455736456866,1.5073229195303859,1.583911495508846,1.7099035089676349
2026-02-25,1.5192861842602632,1.4372673219401668,1.5114933013155518,1.5910719973448775,1.7141767720271572
2026-02-26,1.5750770754776338,1.4603349198217315,1.5416761781526094,1.617593802599571,1.7418251989234421
2026-02-27,1.5593094642004466,1.4618849719106677,1.5422453570746606,1.6053385932410955,1.7387180977802057
2026-03-03,1.4463793181655231,1.3966576377022022,1.468785676169199,1.514573374226474,1.6174380532477044
2026-03-04,1.2719794972644973,1.2039673815437413,1.2629951214002197,1.3023360893987346,1.3860308598688071
2026-03-05,1.394434153081824,1.3499863788199016,1.4332375269524023,1.4735815467018998,1.5888413742898324
2026-03-06,1.3946764390714752,1.4066453314300702,1.4968289926495477,1.532621525556497,1.664919135378426
2026-03-09,1.3115183271609545,1.3146335980980246,1.397958084884326,1.4246462116563436,1.5523341932840198
2026-03-10,1.3816207969416607,1.3652654790803163,1.456322660912959,1.5008139500447915,1.6754974817337687
2026-03-11,1.4009395380007346,1.3931326437581262,1.484275372928571,1.5375314310493926,1.6806167090670776
2026-03-12,1.394271856830075,1.4145304207469196,1.508681043103434,1.5660499306861475,1.7139161523589992
2026-03-13,1.3702959083785837,1.40169844880916,1.4994145357059707,1.559497219548489,1.7368053423637475
2026-03-16,1.3859310976201589,1.3940182918183932,1.4949849372457866,1.539740580219577,1.7072532890935825
2026-03-17,1.408563559894511,1.3868034129722282,1.4795667305206828,1.520582290738421,1.6890351395046694
2026-03-18,1.4796224923339103,1.437706071459336,1.5382472461045629,1.575247276765365,1.7533965614538323
2026-03-19,1.4392147495223784,1.4242414100642107,1.5391943451402659,1.581038164553958,1.7728880698245923
2026-03-20,1.4437047832400038,1.4524807538563553,1.5597960168118246,1.614070275663469,1.8377919069689874
2026-03-23,1.3499458362171097,1.36732196548794,1.4636697436272257,1.517652697856775,1.748035346453121
2026-03-24,1.3869474306467025,1.3889682660031473,1.4790258297918704,1.5172125552286282,1.7524640539307776
2026-03-25,1.4089955776405272,1.4444654681796951,1.5387399035944191,1.5882083778108196,1.8619651481279724
2026-03-26,1.3636082297734486,1.4142287984754591,1.517126542745163,1.5539359227278666,1.8226262175234524
2026-03-27,1.3582167263419376,1.414019380143028,1.517583198815821,1.5556980056658218,1.8335749592032582
2026-03-30,1.3178687319626798,1.3640543384618646,1.4624607865640447,1.5040497144651808,1.7823755069886926
2026-03-31,1.2617208133785762,1.2976480270698076,1.3864974694474101,1.4155497138654485,1.6643158466439534
2026-04-01,1.3681632551531193,1.407587265819883,1.508626197348593,1.5416965564917653,1.8252746269454192
2026-04-02,1.3070681663767039,1.350280793020466,1.4436524280922074,1.495824227771434,1.763574848988478
2026-04-03,1.3428411379418153,1.3753743885388292,1.4837040658514187,1.5337094227670363,1.8028527298433576
2026-04-06,1.3610785543123005,1.3713210076341897,1.4751053950743755,1.5236261235499653,1.789549292944729
2026-04-07,1.3721787156086804,1.3467957365110053,1.4347680549181234,1.469770803964642,1.7462466648731907
2026-04-08,1.466464546255773,1.4230291321441708,1.518641429366087,1.544445814426527,1.8138173282390704
2026-04-09,1.4429080561859624,1.4076245986084388,1.5061267487688308,1.5468180537295715,1.833068099446403
2026-04-10,1.4631008314543061,1.4466933528307027,1.5461413979725334,1.5945497434751796,1.901896499672659
2026-04-13,1.4505521974497906,1.446445305926547,1.534708537948999,1.597747922074371,1.9144186403425363
2026-04-14,1.4902907578198503,1.4855949228880663,1.5817338424166134,1.636743129644342,1.9562310673330958
2026-04-15,1.5211666747144146,1.5197697188772108,1.6176671616003753,1.6601241306670598,1.9973850791266252
2026-04-16,1.5547944336897266,1.5385202878063755,1.6282514774993715,1.6768167641194804,1.9973485618291078
2026-04-17,1.546271380793586,1.559567601721471,1.6544618925867356,1.7040293581534423,2.0152085008064
2026-04-20,1.553056363988425,1.561046954969946,1.6598336037808286,1.70603245226753,2.022981190928036
2026-04-21,1.5953547179069223,1.5788212538220343,1.6778334281172238,1.7342705961194655,2.0782156700133894
2026-04-22,1.6027115789535293,1.6006306658412857,1.703117848043159,1.7457921245910129,2.1090663611274665
2026-04-23,1.6171655782697147,1.5988861404922081,1.6982256164619283,1.739498318242948,2.0864743023028978
2026-04-24,1.6171205840421448,1.6502791134764885,1.76186697104599,1.8027292996316968,2.1622574872110594
2026-04-27,1.6519320935899444,1.671228461316968,1.7826405757922799,1.830416070557806,2.192760620029951
2026-04-28,1.6584224804329981,1.6681210640686284,1.7789649378847274,1.8336718235299836,2.199505491634459
2026-04-29,1.6708786872708525,1.6821524469221663,1.8009013713581643,1.8543885224680254,2.224394622183792
2026-04-30,1.6478966356999079,1.664366611592637,1.7827556558132909,1.8504541389508908,2.2214994778164128
2026-05-04,1.7323333640610985,1.704733363788357,1.8310308027457958,1.9240338217731934,2.3003826433069543
2026-05-06,1.8441023176051072,1.7209357672078094,1.8547554267660347,1.9539745870431582,2.352917077845354
2026-05-07,1.8704456452659977,1.7153255681449973,1.8588481482325743,1.9588058665421253,2.3289373359474683
2026-05-08,1.8724310003155693,1.7135680324541256,1.8571874759320444,1.966053282661333,2.351799245633968
2026-05-11,1.9534015879913942,1.7386398297236743,1.888143222107064,2.0081719661324984,2.426937743074705
2026-05-12,1.908678423207169,1.7000166866747854,1.8414542955684143,1.9652480214057075,2.3718158046821642
2026-05-13,1.958837963714899,1.7104504773135831,1.866450252609453,1.9973851006601395,2.4460319870860823
2026-05-14,1.9931501470786919,1.7246994040849706,1.8770622017577345,2.0077597708733244,2.4537780891126
2026-05-15,1.8712273742441823,1.6606646074834728,1.8121469336587928,1.9056905931949306,2.360700936752821
2026-05-18,1.8769360321090514,1.652553865006086,1.806212083210624,1.901698248219658,2.3871679709352236
2026-05-19,1.8159084956417786,1.612308902697722,1.7625488054900913,1.853956903676542,2.3128616065142635
2026-05-20,1.800248309607109,1.569103380982895,1.7151176783808402,1.7993613372717079,2.246049410161537
2026-05-21,1.951740825445321,1.6520530280311498,1.8105763534607544,1.9038839266938663,2.371571546012254
2026-05-22,1.9597619915103575,1.7111587301530569,1.877987259697716,1.9702709892891341,2.4891012146376976
2026-05-26,2.0096568098824394,1.7454541438970677,1.9215848686128538,2.019759747821215,2.565233464117065
2026-05-27,2.0549044195793416,1.69700884980854,1.8668700620132155,1.9757070200438107,2.4802642158568697
2026-05-28,2.0440638591244147,1.6559373342820534,1.8199684943652836,1.9335953416355591,2.4419222828494433
2026-05-29,2.1166986869489426,1.6378702236916034,1.814526248451868,1.9153204302317215,2.4286806979689444
2026-06-01,2.194669903324598,1.6257563942001716,1.8095277054869938,1.9020534735425487,2.411015648385327
2026-06-02,2.1979438735420773,1.5822669681604185,1.7532221208989707,1.856309313088037,2.345161698024754
2026-06-04,2.1574685784214025,1.6189718969830766,1.7906064788650238,1.882729299979969,2.388597542213314
2026-06-05,2.037895626073338,1.5897837309652734,1.7477695443245547,1.8335167896632014,2.349886280521505
2026-06-08,1.8690372893623892,1.4453836677278558,1.5889327823887396,1.6733290240156729,2.154142149712116
2026-06-09,2.021998275343212,1.5303439694612666,1.6833297130304408,1.7696598445678808,2.275019110506002
2026-06-10,1.9305717120193848,1.5119043666573162,1.6676124945185502,1.748791756907223,2.2588751686646376
2026-06-11,1.9388451627913101,1.5465191128288598,1.717000573752649,1.7974742209556167,2.2905346119229786
2026-06-12,2.0286633958667744,1.595883973187009,1.782448797457301,1.860898567803774,2.3646777226927003
2026-06-15,2.134136937553865,1.619433663255191,1.7943592828356265,1.8803429540412848,2.4043921547394533
2026-06-16,2.1792418826267657,1.6171278437403553,1.7892673928159941,1.86570556955737,2.359434765287664
2026-06-17,2.213614058293985,1.6185164498803182,1.7824183785877887,1.8559387014551316,2.349693238117099
2026-06-18,2.263458883079878,1.5873675585789015,1.762839534253559,1.8407422236750668,2.3691680277724925
2026-06-19,2.260607053826753,1.5428670395913753,1.715375266136757,1.7801928718177678,2.2943416439969884
2026-06-22,2.2761223803970516,1.534332081565289,1.7052920806576537,1.7650791189166206,2.3029092327431058
2026-06-23,2.048696191659314,1.429788198509114,1.5851246907871042,1.6335981347598278,2.1443728669340425
2026-06-24,2.115417387915599,1.4390668583305435,1.5935560905558266,1.6445038536822285,2.1794535103555392
2026-06-25,2.230110722380495,1.4156229349172278,1.5679953904094337,1.617529679250547,2.136886764906808
2026-06-26,2.100481499202785,1.356587241216862,1.505495941348107,1.5537406616613736,2.064129230285408
2026-06-29,2.096346176075947,1.4563491391307324,1.6062909652826294,1.6679448721304158,2.195601739818249
2026-06-30,2.116781115398366,1.449322430938287,1.6022231883400018,1.6548478235252004,2.1948593993626755
2026-07-01,2.073561294331508,1.4915250128473818,1.653469838903355,1.7032465098093834,2.2556453267273526
2026-07-02,1.9099120454302692,1.3931550923956801,1.5356072830195258,1.5759291329297822,2.077405784229899
2026-07-03,2.0198530627534126,1.4008099027605612,1.542401884278194,1.5709328604919655,2.0832268842769346
2026-07-06,2.010610833829611,1.3732725914158381,1.5102699542701072,1.5359920135893557,2.0253847729369605
2026-07-07,1.9119648308534076,1.34493259621385,1.4700551425964314,1.5005032172092616,1.9546897613865233
2026-07-08,1.8096978290102295,1.2652226811816505,1.3767269564962201,1.4023024474396626,1.8322858013326222
2026-07-09,1.8209654078525535,1.2750717959265931,1.392275659468541,1.4272541169373403,1.8551822084728087
2026-07-10,1.8669220729243028,1.3527016513331105,1.484843986895805,1.5295985460275046,2.0433835399016655
2026-07-13,1.699854238212366,1.2902896640457628,1.4088353880694304,1.4565382804108056,1.9186496068984316
2026-07-14,1.7123154444088393,1.2617246189271063,1.3758307450485794,1.4226621312998617,1.888119561702889
2026-07-15,1.8190924774041184,1.3520731747308852,1.4784659842136842,1.5328372581920333,2.0823146765623526
2026-07-16,1.7032679466000216,1.2971758165887564,1.4181812138601415,1.4602412981448538,2.029963754633198
2026-07-20,1.6272694039740268,1.2285846678714376,1.3425979921060784,1.3774656255000701,1.912967241533757
2026-07-21,1.685125518043295,1.2321216875389123,1.3471734873262413,1.3876350863233315,1.9235031651978785
2026-07-22,1.6975492900179148,1.2434241060291804,1.3571004108604177,1.4061371376772915,1.9543688913611181
2026-07-23,1.7722642168346208,1.3050502024354194,1.433604912285006,1.4718036092798497,2.0807871859341676
2026-07-24,1.6708088181857645,1.2386455940544707,1.3633680110662019,1.399913324394902,1.9787388305388154
2026-07-27,1.687073316935437,1.253024763114818,1.3853693550340063,1.4193781069228535,1.9524925842102714
2026-07-28,1.5042528690221693,1.1468573779164244,1.2640500102971126,1.2992788655023588,1.825899032578744
2026-07-29,1.4142473429018618,1.085342159409934,1.1903132819669826,1.2188191263001624,1.7219274628602064
2026-07-30,1.396846526518793,1.0495590169163649,1.1474840275434244,1.1724680364773763,1.6555927685817582
2026-07-31,1.6470425989251134,1.1809988200261494,1.2946247641024995,1.3348757899045727,1.8293689152689414
2026-08-03,1.562635866715636,1.1993241479819958,1.3181883083051655,1.3620195970659137,1.9021102975597188
2026-08-04,1.5879828587844584,1.262569550973876,1.3973125586247421,1.4347044776442197,1.991837220095503
2026-08-05,1.6477442162298204,1.3107330713824612,1.4490661083588714,1.4803266457205115,2.0827565824450245
2026-08-06,1.5723575463245447,1.303686814785349,1.4450733184017692,1.4742253431097372,2.0818846806628186
2026-08-07,1.5629654585777533,1.292517690004862,1.4355331384708427,1.4598748706351075,2.042836126440833
2026-08-10,1.573176709524583,1.370589220565931,1.5355061890956636,1.5655211446784414,2.126332605699811
2026-08-11,1.5846314594761746,1.3677045736049265,1.528205983932891,1.55836991105944,2.073765913413219
2026-08-12,1.642944588084553,1.3750964404931976,1.534315203730913,1.5661301434094081,2.117078735924678
2026-08-13,1.7014548865194368,1.3942869124241315,1.5533703277787287,1.5825949111485724,2.1303559392807228
2026-08-14,1.7425594911482087,1.4058617053927558,1.5608170614784007,1.5933640559512037,2.122439460953845
2026-08-18,1.7155618571861269,1.3693715128148458,1.5120583736144049,1.5574827220810723,2.0636781400969353
2026-08-19,1.6160068244903214,1.3394383855681091,1.4819899502167377,1.5355501518834211,2.064693120624883
2026-08-20,1.711254117154726,1.3660082619650573,1.501091863573516,1.5573298236422362,2.0624912261356307
2026-08-21,1.7263299879088683,1.3047756801261985,1.4299101117965831,1.4955832195180963,1.9681043817194075
2026-08-24,1.6723920297054573,1.3273193732405382,1.4549775212816698,1.520155595992582,1.9689458750381836
2026-08-25,1.6838244654466281,1.3518398997457388,1.4852951315261582,1.5483637183171575,2.0152233580624164
2026-08-26,1.7001738313572454,1.3540395827140561,1.4964410935418748,1.5650125375248531,2.0378294524028435
2026-08-27,1.7261851284444971,1.3661220007571615,1.4989563433293547,1.542783252636245,2.031122255576189
2026-08-28,1.6953466457717863,1.3631900121153633,1.4932517841133546,1.5554251512084143,2.039602146999375
2026-08-31,1.7031230871356504,1.3566338301877734,1.4739634368435361,1.5662293915025214,2.0274922183296735
2026-09-01,1.7070636791475045,1.3504655234436556,1.4699006042476348,1.5512400286994348,1.9736025303555822
2026-09-02,1.6388691353255656,1.309944469157921,1.4352252121380087,1.5251135418235995,1.9493479728901937
2026-09-03,1.6430544520385921,1.296866987359199,1.4202133373785246,1.514664344715601,1.912053150765887
2026-09-04,1.6699572201224917,1.3302666431983303,1.4568174549451303,1.574281938304338,1.9517502385510084
2026-09-07,1.7469172247657982,1.3451724711539175,1.4561836471850942,1.5734487153480083,1.9350400734773001
2026-09-08,1.7367109731775874,1.3245850267508872,1.4417197127514996,1.540060929611708,1.8871592306894367
2026-09-09,1.760964203129062,1.3495780605208312,1.4810624473490537,1.5474605892519813,1.9035544267951208
2026-09-10,1.7565390391379057,1.3620964192655902,1.4964760074818286,1.562906339995566,1.91648357607273
2026-09-11,1.7255708170122566,1.353705685825059,1.4723736976399202,1.532358522529247,1.9282241185330948
2026-09-14,1.6692480428120684,1.334890036620909,1.453758197835071,1.518573619192407,1.8938355443478385
2026-09-15,1.6549862139637694,1.3493056204513019,1.4661061816205216,1.5234644730572235,1.8871954846753487
2026-09-16,1.6776387956081733,1.3557492787899499,1.4714887928956801,1.51406756888085,1.8627832015822146
2026-09-17,1.6769994873828382,1.3665689508692662,1.4792719402451984,1.5161144160646391,1.8649839873369385
2026-09-18,1.7216550998579208,1.3800608140499797,1.4922142919295611,1.5470886438227798,1.8987352291538875
2026-09-21,1.7499963419327178,1.3781186480837795,1.4992249130000381,1.5819160451382976,1.949896245986292
2026-09-22,1.7525410154697227,1.380439174825322,1.50076131309399,1.5688645961801426,1.9448546614957105
2026-09-23,1.7682760699480993,1.3820627297605124,1.5021900675359317,1.5754216843304452,1.9504428943297953
