Date,Portfolio_Value,Cash,Position_Value,Active_Positions,Candidates,Daily_Return,High_Watermark,Drawdown
2025-11-05,0.9950805766845341,0.7997999999999972,0.19528057668453688,122,122,,0.9950805766845341,0.0
2025-11-06,0.9979308243213381,0.6011374172531969,0.3967934070681412,141,129,0.0028643385305546776,0.9979308243213381,0.0
2025-11-07,0.9878352378330384,0.4041242328977377,0.5837110049353007,154,123,-0.0101165193440792,0.9979308243213381,-0.0101165193440792
2025-11-10,0.9866365197149333,0.2061584847919342,0.780478034922999,165,109,-0.0012134798114052936,0.9979308243213381,-0.011317722963498644
2025-11-11,0.9915566726579848,0.007557093564446709,0.9839995790935381,173,108,0.004986793864546035,0.9979308243213381,-0.006387368250387659
2025-11-12,1.0076601024383147,0.0015053730380377853,1.0061547294002768,177,104,0.01624055409476788,1.0076601024383147,0.0
2025-11-13,1.0235619276769028,0.0021811798572970967,1.0213807478196057,137,98,0.01578094160928778,1.0235619276769028,0.0
2025-11-14,0.9893610994550333,0.008667119593572935,0.9806939798614603,139,109,-0.033413540790338314,1.0235619276769028,-0.033413540790338314
2025-11-17,1.0073777937362491,0.006612939579630078,1.000764854156619,136,94,0.018210433269652437,1.0235619276769028,-0.015811582575551153
2025-11-18,0.9846252003395917,0.008854730992837083,0.9757704693467546,149,119,-0.022585958850919963,1.0235619276769028,-0.03804042167305177
2025-11-19,0.9723752964872872,0.015399745924014704,0.9569755505632724,147,111,-0.01244118457264709,1.0235619276769028,-0.0500083383384432
2025-11-20,0.9978889492831882,0.007108238706330958,0.9907807105768572,145,94,0.026238483112507316,1.0235619276769028,-0.02508199816691359
2025-11-21,0.9588570788709477,0.002032127167079762,0.9568249517038679,148,118,-0.039114442985141884,1.0235619276769028,-0.06321537276480238
2025-11-24,0.9566823664050157,0.014861301640404723,0.941821064764611,138,96,-0.002268025667070961,1.0235619276769028,-0.0653400243438893
2025-11-25,0.9688634551721569,0.02031755620080422,0.9485458989713527,143,87,0.012732636447470913,1.0235619276769028,-0.05343933867185813
2025-11-26,0.993905442781804,0.018956530515847506,0.9749489122659565,130,80,0.025846766617074524,1.0235619276769028,-0.028973806169605876
2025-11-27,1.0080730598467595,0.016785478519075116,0.9912875813276845,128,81,0.014254491881342757,1.0235619276769028,-0.0151323211730795
2025-11-28,1.0428425419335718,0.0022543086551469536,1.0405882332784249,138,88,0.03449103390591324,1.0428425419335718,0.0
2025-12-01,1.0447250397905588,0.0036685658523245585,1.0410564739382342,105,82,0.0018051602051989413,1.0447250397905588,0.0
2025-12-02,1.0498962098985465,0.011179002181970897,1.0387172077165756,109,83,0.004949790529596543,1.0498962098985465,0.0
2025-12-03,1.049783063813743,0.012377030597274382,1.0374060332164687,110,76,-0.00010776882870577875,1.0498962098985465,-0.00010776882870577875
2025-12-04,1.0553109080574785,0.015588408509957113,1.0397224995475214,112,80,0.005265701490414054,1.0553109080574785,0.0
2025-12-05,1.0578034343943339,0.016761214282445987,1.0410422201118879,121,79,0.002361888158100678,1.0578034343943339,0.0
2025-12-08,1.0498727156806817,0.0028984076391422257,1.0469743080415395,124,76,-0.0074973463460089596,1.0578034343943339,-0.0074973463460089596
2025-12-09,1.0489528960858334,0.001538824112800377,1.047414071973033,105,68,-0.0008761248683865075,1.0578034343943339,-0.008366902602814918
2025-12-10,1.0530305214814153,0.015820614675992068,1.0372099068054232,100,66,0.003887329365119818,1.0578034343943339,-0.004512098143878096
2025-12-11,1.051925245224232,0.01628671991717772,1.0356385253070544,105,66,-0.0010496146451940414,1.0578034343943339,-0.005556976824779847
2025-12-12,1.076710495898129,0.010413918880976196,1.0662965770171529,106,65,0.023561798508423104,1.076710495898129,0.0
2025-12-15,1.077438618024948,0.006192547556969491,1.0712460704679785,106,72,0.00067624689235668,1.077438618024948,0.0
2025-12-16,1.0398879143650477,0.0047484345927007125,1.035139479772347,101,70,-0.03485182638871298,1.077438618024948,-0.03485182638871298
2025-12-17,1.0422287790855544,0.004390904964001352,1.037837874121553,93,58,0.0022510740707435417,1.077438618024948,-0.03267920636067112
2025-12-18,1.0365707476223267,0.013092633581576226,1.0234781140407505,94,60,-0.005428780683058965,1.077438618024948,-0.03793057879950146
2025-12-19,1.0564881522107419,0.0032159696829130655,1.0532721825278288,84,53,0.019214708339108988,1.077438618024948,-0.0194446954691585
2025-12-22,1.0893858422923997,0.009217729331687165,1.0801681129607126,82,55,0.03113872125571704,1.0893858422923997,0.0
2025-12-23,1.0680852033060797,0.014488969031502236,1.0535962342745775,79,59,-0.019552887654108786,1.0893858422923997,-0.019552887654108786
2025-12-24,1.072656913938652,0.009125382325611347,1.0635315316130405,75,51,0.004280286458815619,1.0893858422923997,-0.015356293155549872
2025-12-26,1.0678947541083503,0.015599170598974631,1.0522955835093757,76,55,-0.004439592723842645,1.0893858422923997,-0.01972771019203401
2025-12-29,1.0991811733040775,0.033408169982486684,1.0657730033215909,69,50,0.02929728709253765,1.0991811733040775,0.0
2025-12-30,1.091148111217224,0.03184964456609781,1.0592984666511263,74,54,-0.007308223868779051,1.0991811733040775,-0.007308223868779051
2026-01-02,1.119234040071136,0.02811851388337095,1.091115526187765,81,63,0.02573979514346658,1.119234040071136,0.0
2026-01-05,1.1391396026638765,0.029394088002946895,1.1097455146609296,92,76,0.01778498676780349,1.1391396026638765,0.0
2026-01-06,1.1372991407893809,0.005210034986025767,1.132089105803355,102,81,-0.0016156596348609886,1.1391396026638765,-0.0016156596348609886
2026-01-07,1.1296615849254565,0.007751182239289259,1.1219104026861673,103,83,-0.006715520648879814,1.1391396026638765,-0.008320330288101307
2026-01-08,1.1239788492718479,0.010679332286363245,1.1132995169854847,111,78,-0.0050304761438654255,1.1391396026638765,-0.013308951208943265
2026-01-09,1.121026096464575,0.008734530100244027,1.1122915663643311,114,76,-0.002627053711184768,1.1391396026638765,-0.015901041590462683
2026-01-12,1.1351677071475201,0.011038216527905698,1.1241294906196144,118,74,0.012614880891304914,1.1391396026638765,-0.0034867504448691244
2026-01-13,1.1394396820195718,0.008642086769127304,1.1307975952504445,114,79,0.0037632984493423116,1.1394396820195718,0.0
2026-01-14,1.1383231653987986,0.0056288320326496185,1.132694333366149,114,87,-0.000979882163480772,1.1394396820195718,-0.000979882163480772
2026-01-15,1.1484593445751425,0.00752364728036313,1.1409356972947795,118,87,0.008904482913507872,1.1484593445751425,0.0
2026-01-16,1.1523175397101018,0.008495707683682435,1.1438218320264193,122,89,0.003359452951629205,1.1523175397101018,0.0
2026-01-19,1.1918569125053626,0.010998980276329317,1.1808579322290333,123,90,0.03431291413407456,1.1918569125053626,0.0
2026-01-20,1.1998121404768347,0.01163182593862197,1.1881803145382128,119,85,0.006674650193327025,1.1998121404768347,0.0
2026-01-21,1.1988720018661854,0.027100875446668973,1.1717711264195163,122,94,-0.0007835715100162899,1.1998121404768347,-0.0007835715100162899
2026-01-22,1.2074201815118404,0.0050276883130276765,1.2023924931988128,129,103,0.007130185401234446,1.2074201815118404,0.0
2026-01-23,1.2078365357304395,0.002981316115875928,1.2048552196145637,138,111,0.0003448296003116802,1.2078365357304395,0.0
2026-01-26,1.2509762313678923,0.0028118991416981602,1.2481643322261942,172,147,0.03571650166333473,1.2509762313678923,0.0
2026-01-27,1.2589201136426957,0.005667462948725967,1.2532526506939698,192,156,0.0063501464501185545,1.2589201136426957,0.0
2026-01-28,1.3056078544814809,0.005632242940157185,1.2999756115413237,215,189,0.03708554683719667,1.3056078544814809,0.0
2026-01-29,1.3403255738621662,0.005843426050931553,1.3344821478112348,229,201,0.026591230484342754,1.3403255738621662,0.0
2026-01-30,1.3450728931448164,0.004534620361666296,1.34053827278315,235,204,0.0035419150206696948,1.3450728931448164,0.0
2026-02-02,1.2790468891105122,0.004098685526382958,1.2749482035841293,234,188,-0.04908730550649454,1.3450728931448164,-0.04908730550649454
2026-02-03,1.349870642290567,0.0035665059348829863,1.346304136355684,228,189,0.05537228836802677,1.349870642290567,0.0
2026-02-04,1.3667257107478095,0.005526714568694025,1.3611989961791153,234,189,0.012486432350763188,1.3667257107478095,0.0
2026-02-05,1.3336021285041448,0.006215158390127235,1.3273869701140175,230,186,-0.024235720439868658,1.3667257107478095,-0.024235720439868658
2026-02-06,1.2987692575100662,0.007660676877499273,1.291108580632567,228,179,-0.02611938767160593,1.3667257107478095,-0.049722085933805005
2026-02-09,1.3627807960334406,0.005713242582572799,1.3570675534508678,223,174,0.04928630559526326,1.3667257107478095,-0.002886398260709133
2026-02-10,1.355892506432576,0.0001864245152897008,1.3557060819172864,221,163,-0.005054583701879278,1.3667257107478095,-0.007926392420982586
2026-02-11,1.3549629388789086,0.003309981268856368,1.3516529576100522,224,173,-0.0006855761421037387,1.3667257107478095,-0.00860653441754955
2026-02-12,1.369688750700698,0.007094514162057461,1.3625942365386405,214,166,0.010868055058371962,1.369688750700698,0.0
2026-02-13,1.3528446381001884,0.0064010740440688906,1.3464435640561194,216,177,-0.012297766621717998,1.369688750700698,-0.012297766621717998
2026-02-19,1.405931294681393,0.006995604223085927,1.3989356904583072,219,190,0.03924076356303163,1.405931294681393,0.0
2026-02-20,1.4135864076912332,0.003639334717165502,1.4099470729740677,233,199,0.005444869915620432,1.4135864076912332,0.0
2026-02-23,1.420492884928125,0.015538210350986958,1.4049546745771382,246,208,0.0048857835639293246,1.420492884928125,0.0
2026-02-24,1.4349455736456866,0.0034690875869504336,1.4314764860587361,249,200,0.010174418239548455,1.4349455736456866,0.0
2026-02-25,1.4372673219401668,0.011620375915063881,1.425646946025103,261,219,0.0016180044296603135,1.4372673219401668,0.0
2026-02-26,1.4603349198217315,0.006755806323733086,1.4535791134979983,261,204,0.016049622453271795,1.4603349198217315,0.0
2026-02-27,1.4618849719106677,0.00782466595728752,1.45406030595338,257,209,0.001061436022584017,1.4618849719106677,0.0
2026-03-03,1.3966576377022022,0.0029063134821537915,1.3937513242200483,268,233,-0.044618650209676924,1.4618849719106677,-0.044618650209676924
2026-03-04,1.2039673815437413,0.026501386096746512,1.1774659954469948,429,424,-0.13796527578188544,1.4618849719106677,-0.17642810161036881
2026-03-05,1.3499863788199016,0.0037402916852027276,1.3462460871346988,426,271,0.12128152266794223,1.4618849719106677,-0.07654404774714652
2026-03-06,1.4066453314300702,0.007852037102926712,1.3987932943271435,410,178,0.041970017993586906,1.4618849719106677,-0.03778658481480923
2026-03-09,1.3146335980980246,0.00021384307739327757,1.3144197550206314,403,227,-0.0654121769547279,1.4618849719106677,-0.10072705899711598
2026-03-10,1.3652654790803163,0.011748173814245262,1.353517305266071,391,162,0.03851406281989478,1.4618849719106677,-0.06609240445509934
2026-03-11,1.3931326437581262,0.0070718375364303135,1.386060806221696,364,169,0.02041153541550189,1.4618849719106677,-0.04702991649382848
2026-03-12,1.4145304207469196,0.005363173080855258,1.4091672476660644,199,156,0.015359468522014197,1.4618849719106677,-0.03239280249379417
2026-03-13,1.40169844880916,0.004903051816198232,1.3967953969929616,189,153,-0.009071541869692612,1.4618849719106677,-0.04117049169938769
2026-03-16,1.3940182918183932,0.01068572692778641,1.3833325648906067,191,153,-0.00547917920383767,1.4618849719106677,-0.04642409040129436
2026-03-17,1.3868034129722282,0.012883323668869275,1.373920089303359,181,135,-0.005175598403916015,1.4618849719106677,-0.05135941635702612
2026-03-18,1.437706071459336,0.0066652186729035355,1.4310408527864324,196,168,0.03670502827651112,1.4618849719106677,-0.016539536910164854
2026-03-19,1.4242414100642107,0.006887656558337316,1.4173537535058733,197,146,-0.009365378405516545,1.4618849719106677,-0.02575001629386564
2026-03-20,1.4524807538563553,0.0049775939484805335,1.4475031599078747,203,159,0.01982763848361313,1.4618849719106677,-0.006432939824274397
2026-03-23,1.36732196548794,0.002750863907170463,1.3645711015807696,232,202,-0.058629891062113915,1.4618849719106677,-0.064685668325282
2026-03-24,1.3889682660031473,0.013562339769041797,1.3754059262341054,217,133,0.015831165637335776,1.4618849719106677,-0.04987855221756543
2026-03-25,1.4444654681796951,0.005922661980320985,1.4385428061993741,220,135,0.03995570203791976,1.4618849719106677,-0.011915782750133497
2026-03-26,1.4142287984754591,0.0113895555682218,1.4028392429072374,206,132,-0.020932774351705374,1.4618849719106677,-0.0325991267103064
2026-03-27,1.414019380143028,0.014250789963106471,1.3997685901799215,194,109,-0.0001480795276244118,1.4618849719106677,-0.0327423789746466
2026-03-30,1.3640543384618646,0.005428487727446303,1.3586258507344184,188,138,-0.03533547162282136,1.4618849719106677,-0.06692088319434564
2026-03-31,1.2976480270698076,0.003048561214263209,1.2945994658555444,180,155,-0.04868303961185161,1.4618849719106677,-0.11234601079878681
2026-04-01,1.407587265819883,0.013480399194829067,1.3941068666250538,179,120,0.08472192494163977,1.4618849719106677,-0.037142256151534436
2026-04-02,1.350280793020466,0.02438720141031906,1.325893591610147,186,137,-0.04071255416340902,1.4618849719106677,-0.07634265419962294
2026-04-03,1.3753743885388292,0.015576023609462326,1.3597983649293668,181,116,0.01858398315970322,1.4618849719106677,-0.05917742163993256
2026-04-06,1.3713210076341897,0.01035709175257591,1.3609639158816138,186,125,-0.002947110938241071,1.4618849719106677,-0.0619501301515617
2026-04-07,1.3467957365110053,0.008493830197576307,1.338301906313429,168,107,-0.017884412903070412,1.4618849719106677,-0.07872660134760268
2026-04-08,1.4230291321441708,0.0047830540850336565,1.418246078059137,150,114,0.056603532047595495,1.4618849719106677,-0.026579273002384496
2026-04-09,1.4076245986084388,0.010902925972812188,1.3967216726356266,154,109,-0.010825170889172897,1.4618849719106677,-0.03711671871919664
2026-04-10,1.4466933528307027,0.012811664608316405,1.4338816882223862,142,108,0.027755094832021765,1.4618849719106677,-0.010391801935079603
2026-04-13,1.446445305926547,0.010111383162131822,1.4363339227644152,151,109,-0.0001714578308321668,1.4618849719106677,-0.01056147801009355
2026-04-14,1.4855949228880663,0.007569482243540593,1.4780254406445257,159,128,0.027066088708028513,1.4855949228880663,0.0
2026-04-15,1.5197697188772108,0.0005004218765818878,1.519269297000629,162,113,0.02300411469009811,1.5197697188772108,0.0
2026-04-16,1.5385202878063755,0.0038247117508814887,1.5346955760554941,175,146,0.012337769792529762,1.5385202878063755,0.0
2026-04-17,1.559567601721471,0.008329870991844181,1.5512377307296268,183,142,0.013680231636792328,1.559567601721471,0.0
2026-04-20,1.561046954969946,0.009462740328882198,1.5515842146410637,189,137,0.0009485662864769928,1.561046954969946,0.0
2026-04-21,1.5788212538220343,0.008933147751248606,1.5698881060707857,195,147,0.011386139792592287,1.5788212538220343,0.0
2026-04-22,1.6006306658412857,0.008455686895810997,1.5921749789454747,193,138,0.013813730950514413,1.6006306658412857,0.0
2026-04-23,1.5988861404922081,0.013110197635772187,1.585775942856436,196,139,-0.0010898987419816208,1.6006306658412857,-0.0010898987419816208
2026-04-24,1.6502791134764885,0.005052955594415234,1.6452261578820733,187,157,0.03214298484597489,1.6502791134764885,0.0
2026-04-27,1.671228461316968,0.007232920435239491,1.6639955408817284,194,158,0.012694427063520974,1.671228461316968,0.0
2026-04-28,1.6681210640686284,0.01703347932804633,1.6510875847405821,202,160,-0.001859349167552371,1.671228461316968,-0.001859349167552371
2026-04-29,1.6821524469221663,0.013390159180461221,1.668762287741705,193,148,0.008411489523017401,1.6821524469221663,0.0
2026-04-30,1.664366611592637,0.007549333631858544,1.6568172779607784,197,148,-0.01057326008833026,1.6821524469221663,-0.01057326008833026
2026-05-04,1.704733363788357,0.015123271904093474,1.6896100918842636,201,157,0.024253521979206827,1.704733363788357,0.0
2026-05-06,1.7209357672078094,0.005127235650299604,1.7158085315575098,205,163,0.009504362244337372,1.7209357672078094,0.0
2026-05-07,1.7153255681449973,0.010245836325607096,1.7050797318193902,194,156,-0.0032599700521737107,1.7209357672078094,-0.0032599700521737107
2026-05-08,1.7135680324541256,0.004584376073431696,1.708983656380694,195,153,-0.0010246076450503017,1.7209357672078094,-0.0042812375069859465
2026-05-11,1.7386398297236743,0.010414362952050423,1.728225466771624,202,168,0.014631340451444874,1.7386398297236743,0.0
2026-05-12,1.7000166866747854,0.005691247348216744,1.6943254393265688,212,176,-0.022214573937965776,1.7386398297236743,-0.022214573937965776
2026-05-13,1.7104504773135831,0.006573143685182799,1.7038773336284003,221,173,0.00613746366172796,1.7386398297236743,-0.016213451416542846
2026-05-14,1.7246994040849706,0.00599810706449365,1.718701297020477,213,157,0.008330511149183817,1.7386398297236743,-0.008018006605151395
2026-05-15,1.6606646074834728,0.003921946878851112,1.6567426606046216,254,221,-0.03712809110377768,1.7386398297236743,-0.04484840442922222
2026-05-18,1.652553865006086,0.015809915840051387,1.6367439491660347,269,217,-0.004884034043260321,1.7386398297236743,-0.04951339733846427
2026-05-19,1.612308902697722,0.005243514767352416,1.6070653879303696,295,253,-0.024353192449927064,1.7386398297236743,-0.07266078049415803
2026-05-20,1.569103380982895,0.003787503069233396,1.5653158779136616,307,257,-0.02679729774023787,1.7386398297236743,-0.09751096566545592
2026-05-21,1.6520530280311498,0.007803383807358828,1.644249644223791,296,188,0.05286436066200739,1.7386398297236743,-0.0498014598608878
2026-05-22,1.7111587301530569,0.006312702070664682,1.7048460280823923,293,152,0.03577712162928992,1.7386398297236743,-0.01580609111835718
2026-05-26,1.7454541438970677,0.009081030472886763,1.7363731134241809,258,155,0.020042216504919663,1.7454541438970677,0.0
2026-05-27,1.69700884980854,0.029717284408969702,1.6672915653995704,247,162,-0.027755122790200648,1.7454541438970677,-0.027755122790200648
2026-05-28,1.6559373342820534,0.010789471909028197,1.6451478623730251,226,169,-0.024202298963332147,1.7454541438970677,-0.05128568397400035
2026-05-29,1.6378702236916034,0.00400116880296196,1.6338690548886414,228,200,-0.010910503807369687,1.7454541438970677,-0.061636635131108175
2026-06-01,1.6257563942001716,0.004785031727582287,1.6209713624725892,246,210,-0.007396086280956005,1.7454541438970677,-0.0685768515405667
2026-06-02,1.5822669681604185,0.003434306174071263,1.578832661986347,274,240,-0.02675027217786141,1.7454541438970677,-0.09349267427461716
2026-06-04,1.6189718969830766,0.00934439829854998,1.6096274986845267,268,184,0.02319768380511178,1.7454541438970677,-0.07246380396542229
2026-06-05,1.5897837309652734,0.008662112562120808,1.5811216184031525,284,226,-0.018028828092813032,1.7454541438970677,-0.08918619459359134
2026-06-08,1.4453836677278558,0.0023206119977854478,1.4430630557300703,357,344,-0.0908300043740804,1.7454541438970677,-0.1719154165226282
2026-06-09,1.5303439694612666,0.004082925246516591,1.52626104421475,350,260,0.0587804495307247,1.7454541438970677,-0.1232402324563655
2026-06-10,1.5119043666573162,0.0056620014802034055,1.5062423651771129,338,230,-0.012049319088989985,1.7454541438970677,-0.13380459065988748
2026-06-11,1.5465191128288598,0.0038366138227414522,1.5426824990061183,327,222,0.022894798728621657,1.7454541438970677,-0.11397322110338948
2026-06-12,1.595883973187009,0.011217197535446338,1.5846667756515627,323,165,0.031919980780484414,1.7454541438970677,-0.08569126335001509
2026-06-15,1.619433663255191,0.04443141847370432,1.5750022447814866,304,151,0.014756517681641323,1.7454541438970677,-0.07219925031116048
2026-06-16,1.6171278437403553,0.03591357112509008,1.5812142726152654,227,142,-0.0014238431416824238,1.7454541438970677,-0.07352029304545282
2026-06-17,1.6185164498803182,0.007792275697176951,1.6107241741831413,212,130,0.0008586866804241033,1.7454541438970677,-0.07272473726140771
2026-06-18,1.5873675585789015,0.006913536435842928,1.5804540221430585,209,136,-0.019245335012640696,1.7454541438970677,-0.09057046034174632
2026-06-19,1.5428670395913753,0.0037068686039192066,1.539160170987456,211,162,-0.028034161808979885,1.7454541438970677,-0.11606555521039186
2026-06-22,1.534332081565289,0.004887613586645716,1.5294444679786432,234,189,-0.005531881754598067,1.7454541438970677,-0.12095537603778428
2026-06-23,1.429788198509114,0.018062947013460236,1.4117252514956538,325,304,-0.0681364121315392,1.7454541438970677,-0.18085032281808766
2026-06-24,1.4390668583305435,0.0031064529557025267,1.435960405374841,319,245,0.006489534485670356,1.7454541438970677,-0.17553442273908992
2026-06-25,1.4156229349172278,0.008224846953917288,1.4073980879633106,314,249,-0.016291059221885562,1.7454541438970677,-0.18896584028465346
2026-06-26,1.356587241216862,0.004123490441544813,1.3524637507753172,331,297,-0.04170297912262744,1.7454541438970677,-0.2227883809150003
2026-06-29,1.4563491391307324,0.003182547717598865,1.4531665914131335,332,221,0.07353887378771429,1.7454541438970677,-0.16563311375276335
2026-06-30,1.449322430938287,0.006726990464668798,1.4425954404736183,318,175,-0.004824878872548011,1.7454541438970677,-0.1696588329141714
2026-07-01,1.4915250128473818,0.002900914468092269,1.4886240983792896,243,190,0.029118835814728294,1.7454541438970677,-0.1454802647995893
2026-07-02,1.3931550923956801,0.008124048174392818,1.3850310442212874,272,224,-0.06595257847128522,1.7454541438970677,-0.20183804469065625
2026-07-03,1.4008099027605612,0.009620625733899673,1.3911892770266614,268,180,0.005494585927054096,1.7454541438970677,-0.19745247524350362
2026-07-06,1.3732725914158381,0.004893217164051866,1.3683793742517862,263,225,-0.019658135833031665,1.7454541438970677,-0.21322906349763016
2026-07-07,1.34493259621385,0.002965022038520958,1.3419675741753292,263,214,-0.020636831594206373,1.7454541438970677,-0.2294655228174456
2026-07-08,1.2652226811816505,0.0028108756216938726,1.2624118055599567,295,276,-0.05926684746625421,1.7454541438970677,-0.2751326721441141
2026-07-09,1.2750717959265931,0.0038408238578349395,1.2712309720687582,302,270,0.007784491134591454,1.7454541438970677,-0.2694899488566649
2026-07-10,1.3527016513331105,0.0068457946706529625,1.3458558566624574,286,206,0.060882732764160785,1.7454541438970677,-0.22501450063137174
2026-07-13,1.2902896640457628,0.00647986587489096,1.2838097981708718,294,227,-0.04613876772149983,1.7454541438970677,-0.2607713765742714
2026-07-14,1.2617246189271063,0.00182679855813489,1.2598978203689715,291,240,-0.022138474727519286,1.7454541438970677,-0.27713677077184085
2026-07-15,1.3520731747308852,0.003567075715445262,1.3485060990154398,282,209,0.07160719102129098,1.7454541438970677,-0.22537456543423284
2026-07-16,1.2971758165887564,0.004040257432021864,1.2931355591567344,265,220,-0.04060235730440809,1.7454541438970677,-0.25682618410555447
2026-07-20,1.2285846678714376,0.0025447200214058796,1.2260399478500317,291,271,-0.05287729530580987,1.7454541438970677,-0.29612320543215065
2026-07-21,1.2321216875389123,0.005850020822057863,1.2262716667168545,293,246,0.002878938472838488,1.7454541438970677,-0.29409678744813106
2026-07-22,1.2434241060291804,0.008528973660880486,1.2348951323683,286,196,0.009173134930238858,1.7454541438970677,-0.2876214420317036
2026-07-23,1.3050502024354194,0.005112648022047763,1.2999375544133716,283,194,0.04956160662112241,1.7454541438970677,-0.2523148161763564
2026-07-24,1.2386455940544707,0.0033649918640821096,1.2352806021903886,284,209,-0.05088279995438316,1.7454541438970677,-0.2903591318137111
2026-07-27,1.253024763114818,0.006447728802837781,1.2465770343119802,267,160,0.011608783924447419,1.7454541438970677,-0.28212106431097916
2026-07-28,1.1468573779164244,0.01731544607517338,1.129541931841251,312,292,-0.08472888032514092,1.7454541438970677,-0.34294614274091384
2026-07-29,1.085342159409934,0.011560126108771374,1.0737820333011625,333,315,-0.05363807190938552,1.7454541438970677,-0.3781892447849158
2026-07-30,1.0495590169163649,0.004929887762107954,1.0446291291542569,341,310,-0.03296945777267435,1.7454541438970677,-0.3986900082215743
2026-07-31,1.1809988200261494,0.005337759728351012,1.1756610602977984,331,240,0.12523336086041015,1.7454541438970677,-0.3233859370322164
2026-08-03,1.1993241479819958,0.0038253248628485684,1.1954988231191472,322,203,0.015516804627663028,1.7454541438970677,-0.3128870488088159
2026-08-04,1.262569550973876,0.006130265233068925,1.2564392857408069,323,213,0.052734202924453744,1.7454541438970677,-0.27665269500867984
2026-08-05,1.3107330713824612,0.004357466542754369,1.3063756048397068,253,175,0.038147221570039136,1.7454541438970677,-0.2490590050930852
2026-08-06,1.303686814785349,0.019115299074431713,1.2845715157109174,231,168,-0.005375813543546437,1.7454541438970677,-0.2530959238639101
2026-08-07,1.292517690004862,0.008513430243063004,1.284004259761799,224,130,-0.008567337380278706,1.7454541438970677,-0.25949490307487333
2026-08-10,1.370589220565931,0.0038930535026413552,1.3666961670632896,247,190,0.06040267855891024,1.7454541438970677,-0.2147664117340703
2026-08-11,1.3677045736049265,0.004548844215015461,1.363155729389911,245,177,-0.002104676527233562,1.7454541438970677,-0.21641907443568897
2026-08-12,1.3750964404931976,0.005415790806760929,1.3696806496864367,251,191,0.005404578613631417,1.7454541438970677,-0.21218414972333455
2026-08-13,1.3942869124241315,0.008189843137304146,1.3860970692868273,246,191,0.013955728024465763,1.7454541438970677,-0.2011896059835102
2026-08-14,1.4058617053927558,0.01986534878573476,1.385996356607021,250,186,0.00830158618393706,1.7454541438970677,-0.1945582126529577
2026-08-18,1.3693715128148458,0.009733448070301671,1.359638064744544,249,166,-0.025955748305780735,1.7454541438970677,-0.2154640569602957
2026-08-19,1.3394383855681091,0.006997197990193048,1.332441187577916,223,136,-0.021859025813387167,1.7454541438970677,-0.2326132483907305
2026-08-20,1.3660082619650573,0.009129470031763108,1.3568787919332943,204,101,0.019836579780919683,1.7454541438970677,-0.21739091986961245
2026-08-21,1.3047756801261985,0.003456503112595495,1.301319177013603,223,165,-0.0448259234909556,1.7454541438970677,-0.2524720946188642
2026-08-24,1.3273193732405382,0.008350911323219308,1.3189684619173188,196,100,0.017277830555639362,1.7454541438970677,-0.2395564341340769
2026-08-25,1.3518398997457388,0.001516193415332337,1.3503237063304065,174,80,0.01847372004021608,1.7454541438970677,-0.22550821259188636
2026-08-26,1.3540395827140561,0.014344879368268837,1.3396947033457873,167,75,0.0016271771300218063,1.7454541438970677,-0.22424797726802603
2026-08-27,1.3661220007571615,0.011783124039297634,1.354338876717864,154,79,0.008923238432134495,1.7454541438970677,-0.21732575700497803
2026-08-28,1.3631900121153633,0.010217439926076185,1.3529725721892871,153,72,-0.0021462128859451868,1.7454541438970677,-0.2190055425507914
2026-08-31,1.3566338301877734,0.01074083625669709,1.3458929939310762,117,69,-0.004809440994521519,1.7454541438970677,-0.22276168931094165
2026-09-01,1.3504655234436556,0.006581737517354483,1.343883785926301,116,76,-0.004546773496916345,1.7454541438970677,-0.2262956158627707
2026-09-02,1.309944469157921,0.009434736559439143,1.3005097325984818,123,88,-0.030005248991774924,1.7454541438970677,-0.2495108085548362
2026-09-03,1.296866987359199,0.006043278660803412,1.2908237086983956,139,97,-0.00998323372221166,1.7454541438970677,-0.25700311755902694
2026-09-04,1.3302666431983303,0.018849555821992464,1.3114170873763378,131,56,0.02575411061017352,1.7454541438970677,-0.23786789366562788
2026-09-07,1.3451724711539175,0.01888426267397763,1.32628820847994,123,54,0.0112051429927984,1.7454541438970677,-0.22932809443474866
2026-09-08,1.3245850267508872,0.010826621517252099,1.313758405233635,123,63,-0.015304687573162945,1.7454541438970677,-0.24112298717083902
2026-09-09,1.3495780605208312,0.020030170951341825,1.3295478895694894,120,65,0.01886857639577144,1.7454541438970677,-0.2268040582792772
2026-09-10,1.3620964192655902,0.00481820398301866,1.3572782152825715,115,63,0.009275757446685073,1.7454541438970677,-0.2196320802651145
2026-09-11,1.353705685825059,0.015518815764957797,1.3381868700601012,97,57,-0.006160161147076071,1.7454541438970677,-0.22443927240468986
2026-09-14,1.334890036620909,0.010848601552941019,1.3240414350679681,106,70,-0.013899364833266592,1.7454541438970677,-0.23521907390789076
2026-09-15,1.3493056204513019,0.014817247997942519,1.3344883724533594,108,54,0.010799079650698262,1.7454541438970677,-0.22696014377168727
2026-09-16,1.3557492787899499,0.22422783339146593,1.1315214453984839,89,57,0.0047755365730211,1.7454541438970677,-0.22326846366586606
2026-09-17,1.3665689508692662,0.504088683122792,0.8624802677464742,64,55,0.007980584794390122,1.7454541438970677,-0.21706969177767466
2026-09-18,1.3800608140499797,0.7798937402788662,0.6001670737711136,43,62,0.00987280090926368,1.7454541438970677,-0.20933997671876725
2026-09-21,1.3781186480837795,0.9599683058588127,0.4181503422249668,32,68,-0.0014073046248597176,1.7454541438970677,-0.21045267622622266
2026-09-22,1.380439174825322,1.1995459015474363,0.1808932732778857,12,75,0.0016838366890754575,1.7454541438970677,-0.20912320747469104
2026-09-23,1.3820627297605124,1.3820627297605124,0.0,0,75,0.0011761147936095728,1.7454541438970677,-0.20819304557907947
