Date,Portfolio_Value,Cash,Active_Positions,Candidates,Daily_Return,High_Watermark,Drawdown
2025-11-05,1.0,0.8,21,21,,1.0,0.0
2025-11-06,0.9909151390841326,0.6018169721831735,40,19,-0.009084860915867354,1.0,-0.009084860915867354
2025-11-07,0.9871963207365468,0.4043777080358642,49,9,-0.00375291304058889,1.0,-0.01280367926345316
2025-11-10,0.9877760422059563,0.20682249959467297,59,10,0.0005872403059372644,1.0,-0.012223957794043727
2025-11-11,0.9844005713676465,0.009942385321143582,72,13,-0.0034172430734111803,1.0,-0.01559942863235353
2025-11-12,1.0002291321198733,0.0016980269304137374,62,11,0.01607939004975978,1.0002291321198733,0.0
2025-11-13,1.0029134837284128,0.006970937818612438,51,8,0.0026837366782652694,1.0029134837284128,0.0
2025-11-14,0.9759562211159722,0.0014052913306756287,49,7,-0.02687895122540851,1.0029134837284128,-0.02687895122540851
2025-11-17,1.0133478247597765,0.0,50,11,0.0383127878431353,1.0133478247597765,0.0
2025-11-18,0.9917080696841913,0.0,51,14,-0.021354716067718438,1.0133478247597765,-0.021354716067718438
2025-11-19,0.97691709028493,0.0034049880754483675,49,9,-0.014914650643078398,1.0133478247597765,-0.035950868581064666
2025-11-20,1.0111485733243883,0.01959467704693882,51,10,0.03504031547802522,1.0133478247597765,-0.002170282879829011
2025-11-21,1.019636573176719,0.020666994665726274,59,15,0.00839441411109787,1.019636573176719,0.0
2025-11-24,1.0115263102254242,0.011270449565480983,57,9,-0.007954072229899523,1.019636573176719,-0.007954072229899523
2025-11-25,1.039187402879903,0.0,51,8,0.027345895380926466,1.039187402879903,0.0
2025-11-26,1.0686277568715457,0.0,51,9,0.02833016827384016,1.0686277568715457,0.0
2025-11-27,1.0636810044742537,0.013995509390064609,49,8,-0.004629069725620605,1.0686277568715457,-0.004629069725620605
2025-11-28,1.1230174675062685,0.013811988477891196,46,12,0.05578407697648324,1.1230174675062685,0.0
2025-12-01,1.1406216719149371,0.014840137022771677,48,11,0.01567580640375965,1.1406216719149371,0.0
2025-12-02,1.1668992444022848,0.008854183387685982,54,14,0.023037938989210582,1.1668992444022848,0.0
2025-12-03,1.1646625222215081,0.0,62,17,-0.001916808320432506,1.1668992444022848,-0.001916808320432506
2025-12-04,1.1783704576158838,0.0,72,18,0.01176987765368187,1.1783704576158838,0.0
2025-12-05,1.1765452993272674,0.0,79,19,-0.0015488832708087097,1.1783704576158838,-0.0015488832708087097
2025-12-08,1.165879674958516,0.0014312577893959566,82,14,-0.009065205032776635,1.1783704576158838,-0.010600047359163645
2025-12-09,1.1864645149315645,0.007767649165076301,80,12,0.017656058695577403,1.1864645149315645,0.0
2025-12-10,1.2150650684151771,0.018908473166527412,74,11,0.024105696482007666,1.2150650684151771,0.0
2025-12-11,1.2012034539229322,0.003991110736603021,68,12,-0.01140812525400381,1.2150650684151771,-0.01140812525400381
2025-12-12,1.21311659938107,0.005680734768074597,64,15,0.009917674994382786,1.2150650684151771,-0.0016035923381853001
2025-12-15,1.2345947442931335,0.0037717555568934635,66,16,0.017704930361204907,1.2345947442931335,0.0
2025-12-16,1.189571123947868,0.0028189631833326623,67,13,-0.03646833955302786,1.2345947442931335,-0.03646833955302786
2025-12-17,1.1504425370161184,0.0019070211691554206,63,7,-0.032893020134762696,1.2345947442931335,-0.0681618058605914
2025-12-18,1.1658862987784446,0.0,60,9,0.013424192226395348,1.2345947442931335,-0.05565263081856697
2025-12-19,1.2288546538834648,0.0,55,10,0.05400900171054013,1.2345947442931335,-0.004649372141103059
2025-12-22,1.3239979113079716,0.0019794135274402436,54,15,0.07742433747053168,1.3239979113079716,0.0
2025-12-23,1.2427221474135812,0.004748054563046333,53,12,-0.061386625462345634,1.3239979113079716,-0.061386625462345634
2025-12-24,1.2520724520775461,0.020156590968876342,58,12,0.007524050877684374,1.3239979113079716,-0.05432445067784941
2025-12-26,1.2490841665351922,0.008011438164079121,61,12,-0.0023866714241620457,1.3239979113079716,-0.056581467487945236
2025-12-29,1.3138150526182748,0.0,61,10,0.051822677620386726,1.3239979113079716,-0.007690993016474801
2025-12-30,1.2872327946986177,0.0035282187685373168,55,9,-0.020232876664551758,1.3239979113079716,-0.027768258767896237
2026-01-02,1.39418500493177,0.008162081873719085,58,15,0.08308692155267328,1.39418500493177,0.0
2026-01-05,1.4357071564779398,0.011489794216790417,63,17,0.029782382825299214,1.4357071564779398,0.0
2026-01-06,1.4339930254596966,0.010768337000878536,72,21,-0.001193928030872371,1.4357071564779398,-0.001193928030872371
2026-01-07,1.4221599961236988,0.008689296437224658,78,16,-0.008251803966901838,1.4357071564779398,-0.009435879937712888
2026-01-08,1.4404642558991474,0.0,84,15,0.012870745784819837,1.4404642558991474,0.0
2026-01-09,1.4761472545996928,0.0,84,15,0.02477187375834733,1.4761472545996928,0.0
2026-01-12,1.5377542152257013,0.0,81,14,0.04173496948494848,1.5377542152257013,0.0
2026-01-13,1.5011374444763481,0.0028157717763308,76,16,-0.023811848725109108,1.5377542152257013,-0.023811848725109108
2026-01-14,1.480293529132752,0.011468828929146802,74,14,-0.01388541430386303,1.5377542152257013,-0.037366625644082996
2026-01-15,1.508679296283035,0.01422102853627133,76,17,0.019175769259028863,1.5377542152257013,-0.018907390176393535
2026-01-16,1.4963375415369502,0.0007044242020368685,76,15,-0.008180502494129493,1.5377542152257013,-0.026933220718027617
2026-01-19,1.614513779578111,0.0,82,20,0.07897699199592179,1.614513779578111,0.0
2026-01-20,1.6614941026644725,0.015947012626874146,86,20,0.029098743956609496,1.6614941026644725,0.0
2026-01-21,1.7696926740874623,0.02539630719517849,97,25,0.06512124915127648,1.7696926740874623,0.0
2026-01-22,1.7466752160226355,0.037380461155600675,110,30,-0.013006471915636864,1.7696926740874623,-0.013006471915636864
2026-01-23,1.6463537949863332,0.02723328290141236,124,29,-0.05743564694571257,1.7696926740874623,-0.06969508373239353
2026-01-26,1.6599837553552454,0.0,142,38,0.008278876879574515,1.7696926740874623,-0.06199320387015106
2026-01-27,1.669770595838478,0.0018255006040318045,156,34,0.005895744733440678,1.7696926740874623,-0.05646295524193701
2026-01-28,1.720028337280989,0.0,184,53,0.0300985905296014,1.7696926740874623,-0.028063820082253832
2026-01-29,1.7738209669087923,0.005005354520234762,211,57,0.03127426941862965,1.7738209669087923,0.0
2026-01-30,1.776684656771585,0.004128780496548523,244,62,0.0016144187695465995,1.776684656771585,0.0
2026-02-02,1.698752317608382,0.009296297184017865,243,37,-0.04386391184624394,1.776684656771585,-0.04386391184624394
2026-02-03,1.7933025755159158,0.004629729206478139,260,51,0.055658648366495145,1.7933025755159158,0.0
2026-02-04,1.8136883288764964,0.0,258,51,0.011367715431243264,1.8136883288764964,0.0
2026-02-05,1.7433701380840394,0.002359853465755457,241,40,-0.038770823891233985,1.8136883288764964,-0.038770823891233985
2026-02-06,1.7520410630681396,0.0029913804175136227,214,35,0.004973656938755067,1.8136883288764964,-0.0339899997297467
2026-02-09,1.831932486127332,0.0,219,42,0.04559905857416857,1.831932486127332,0.0
2026-02-10,1.790560711880561,0.0008740936247623732,200,32,-0.022583678470722512,1.831932486127332,-0.022583678470722512
2026-02-11,1.7893780386696598,0.008407206630969777,179,30,-0.000660504390079697,1.831932486127332,-0.023229266242028146
2026-02-12,1.794537263222117,0.021166079772181712,175,36,0.002883250180209407,1.831932486127332,-0.020412991847897022
2026-02-13,1.802723078101311,0.005394721509991041,174,34,0.004561518474403892,1.831932486127332,-0.015944587612925165
2026-02-19,1.9012895715550602,0.0,177,45,0.054676447342962176,1.9012895715550602,0.0
2026-02-20,1.9291301775673744,0.005534196800258184,190,45,0.014643012000293831,1.9291301775673744,0.0
2026-02-23,1.9361181819947797,0.016880635442939718,202,42,0.003622360226730459,1.9361181819947797,0.0
2026-02-24,1.9728997512155357,0.03907100129667734,210,44,0.01899758473569002,1.9728997512155357,0.0
2026-02-25,1.9569130705555613,0.04406668939286967,213,37,-0.008103138869638316,1.9728997512155357,-0.008103138869638316
2026-02-26,1.9830622077299,0.02689140848921595,202,34,0.013362441882466936,1.9830622077299,0.0
2026-02-27,1.9766154309836794,0.015880862965350184,186,29,-0.0032509200775907576,1.9830622077299,-0.0032509200775907576
2026-03-03,1.8672424105133092,0.01807430130082671,171,27,-0.055333485085634404,1.9830622077299,-0.058404520425597184
2026-03-04,1.5888807283123474,0.005709395606293188,211,84,-0.14907634950538617,1.9830622077299,-0.19877413723132253
2026-03-05,1.8184690922867002,0.0,194,20,0.14449691527079778,1.9830622077299,-0.08299947162606514
2026-03-06,1.9031595623429953,0.006253785379704668,185,25,0.046572400056466234,1.9830622077299,-0.04029255616664329
2026-03-09,1.8490146173844493,0.015018434965103189,173,17,-0.028450029114683195,1.9830622077299,-0.06759626088528059
2026-03-10,1.931399417871961,0.035214976946630616,170,24,0.04455605689264375,1.9830622077299,-0.026052026838371267
2026-03-11,1.940688743785261,0.0,118,32,0.004809634831274279,1.9830622077299,-0.021367692742804034
2026-03-12,1.9749285945847836,0.0,130,32,0.017643143914329418,1.9830622077299,-0.004101542106653033
2026-03-13,2.013510706684999,0.02996478564631977,131,26,0.01953595294837851,2.013510706684999,0.0
2026-03-16,1.9810925976803868,-5.551115123125783e-17,139,25,-0.01610029134535107,2.013510706684999,-0.01610029134535107
2026-03-17,1.9175405872375306,0.0003882273797946034,136,21,-0.03207927308257463,2.013510706684999,-0.04766307878514919
2026-03-18,1.9792994039780665,0.00713181386444206,132,28,0.03220730614599798,2.013510706684999,-0.016990872009445268
2026-03-19,2.041348507537325,0.003838292343392391,131,31,0.03134902351536617,2.041348507537325,0.0
2026-03-20,2.119956031920335,0.006638071478821395,139,34,0.038507645359312725,2.119956031920335,0.0
2026-03-23,2.003676934625879,0.009975580349457669,138,24,-0.05484976836483069,2.119956031920335,-0.05484976836483069
2026-03-24,1.9911485095688533,0.011073478706103979,139,22,-0.006252717112484429,2.119956031920335,-0.060759525392044655
2026-03-25,2.1297569976690793,0.012077115130890936,141,30,0.0696123304887184,2.1297569976690793,0.0
2026-03-26,2.0790064819461067,0.013101244392264122,134,24,-0.023829251777792826,2.1297569976690793,-0.023829251777792826
2026-03-27,2.0755044846159563,0.023864179048570466,117,17,-0.001684457148431906,2.1297569976690793,-0.02547356957272584
2026-03-30,2.049207641417219,0.002369796725224471,111,18,-0.012670097026363791,2.1297569976690793,-0.03782091400099541
2026-03-31,1.886828517772136,0.0,106,17,-0.07923995614850554,2.1297569976690793,-0.11406394258256569
2026-04-01,2.0810200936774423,0.0019655447152591154,91,15,0.10291956798204271,2.1297569976690793,-0.022883786293449115
2026-04-02,2.002227430931216,0.01735384715487387,86,19,-0.03786251895674353,2.1297569976690793,-0.059879867457854785
2026-04-03,2.085001320932825,0.03743952679337592,89,20,0.0413409029977736,2.1297569976690793,-0.021014452252175908
2026-04-06,2.0459370103172145,0.04438181991137702,93,22,-0.01873586852124054,2.1297569976690793,-0.03935659675897385
2026-04-07,1.9522387364620615,0.02331823616273271,91,15,-0.04579724272186925,2.1297569976690793,-0.08335141586636574
2026-04-08,2.0423238043621144,0.02788069424385342,94,18,0.04614449361009476,2.1297569976690793,-0.04105313113310893
2026-04-09,2.081784473036281,0.021140090175409854,88,13,0.019321455584018654,2.1297569976690793,-0.02252488179886336
2026-04-10,2.16053538037001,0.014723862514128605,87,19,0.037828559273895834,2.16053538037001,0.0
2026-04-13,2.1693372587567,0.02012211928859503,79,14,0.00407393392705413,2.1693372587567,0.0
2026-04-14,2.2290810973280224,0.010531727184430018,83,19,0.027540133895807006,2.2290810973280224,0.0
2026-04-15,2.270307122515943,0.02146503466805888,85,20,0.018494627780630157,2.270307122515943,0.0
2026-04-16,2.2133712167861845,0.006303867826856047,98,26,-0.025078503769420557,2.270307122515943,-0.025078503769420557
2026-04-17,2.2726462327417787,0.019027047974733202,106,27,0.026780422328641862,2.2726462327417787,0.0
2026-04-20,2.3021944637179974,0.011705008234442427,119,27,0.013001685238344773,2.3021944637179974,0.0
2026-04-21,2.368241216696959,0.0074354167290202056,132,32,0.028688607335236593,2.368241216696959,0.0
2026-04-22,2.4383725738746707,0.0,146,34,0.029613266031880636,2.4383725738746707,0.0
2026-04-23,2.400593064705207,0.00657210038947903,153,33,-0.015493739379388805,2.4383725738746707,-0.015493739379388805
2026-04-24,2.4978019074344737,0.010639066879839232,164,38,0.040493678065842476,2.4978019074344737,0.0
2026-04-27,2.537574379942805,0.01918090685044882,181,44,0.01592298908490397,2.537574379942805,0.0
2026-04-28,2.5309356396351697,0.0160390685920907,186,37,-0.0026161756518777723,2.537574379942805,-0.0026161756518777723
2026-04-29,2.5699759351657896,0.002317318064712137,196,44,0.01542524231720388,2.5699759351657896,0.0
2026-04-30,2.562600046225115,0.009864392971869695,201,38,-0.0028700225709307192,2.5699759351657896,-0.0028700225709307192
2026-05-04,2.6696435909431044,0.0006037176904657438,212,49,0.041771459762389274,2.6696435909431044,0.0
2026-05-06,2.734342536985053,0.0,221,53,0.024235050049917994,2.734342536985053,0.0
2026-05-07,2.698391250851202,0.02153153850062961,238,54,-0.013148055025136607,2.734342536985053,-0.013148055025136607
2026-05-08,2.7721501702272144,0.026053673419496493,235,41,0.02733440502845741,2.7721501702272144,0.0
2026-05-11,2.813579232063568,0.03000418300306884,245,48,0.014944739387245498,2.813579232063568,0.0
2026-05-12,2.7206347149849166,0.012848231459205217,238,42,-0.033034263268457265,2.813579232063568,-0.033034263268457265
2026-05-13,2.81799385285259,0.0,230,45,0.035785450112590045,2.81799385285259,0.0
2026-05-14,2.8100744805886206,3.261916092989203e-05,219,43,-0.0028102872743858143,2.81799385285259,-0.0028102872743858143
2026-05-15,2.617073288909091,0.0,220,42,-0.06868187765582012,2.81799385285259,-0.07129914912344881
2026-05-18,2.6605111728394415,0.0,214,42,0.016597885934045653,2.81799385285259,-0.05588467833374877
2026-05-19,2.5692105948724135,0.02144852627311411,200,28,-0.03431693085866161,2.81799385285259,-0.08828381854997258
2026-05-20,2.520286320333432,0.01236652671485794,192,37,-0.019042531833172394,2.81799385285259,-0.10564520295805313
2026-05-21,2.6828266954240956,0.02902941321351904,178,29,0.06449282122404254,2.81799385285259,-0.047965738921562084
2026-05-22,2.8169692858517514,0.027078367799278302,164,28,0.05000046803487268,2.81799385285259,-0.0003635802824060175
2026-05-26,2.913125725199841,0.019767601869496,159,37,0.03413471344222185,2.913125725199841,0.0
2026-05-27,2.7841387179090624,0.058169074535465826,164,33,-0.044277871763303334,2.913125725199841,-0.044277871763303334
2026-05-28,2.7502101738695983,0.03911519164906896,163,36,-0.012186369817429599,2.913125725199841,-0.05592465506069655
2026-05-29,2.762356180132247,0.01661666434986586,180,46,0.0044163920190720685,2.913125725199841,-0.05175524824190392
2026-06-01,2.70205057050903,0.002299408578146478,200,48,-0.02183122149741379,2.913125725199841,-0.07245658945129507
2026-06-02,2.6262150698237736,0.0,211,48,-0.02806590724575897,2.913125725199841,-0.09848893677816983
2026-06-04,2.659634414208207,0.01727597060055186,211,33,0.01272528848396104,2.913125725199841,-0.08701694842718966
2026-06-05,2.531724008910502,0.0031803938754071392,209,34,-0.04809322838296348,2.913125725199841,-0.13092525083625584
2026-06-08,2.3955120526984506,0.0,311,148,-0.05380205572670971,2.913125725199841,-0.17768325892143977
2026-06-09,2.5009069221834768,0.0,314,51,0.04399680200577705,2.913125725199841,-0.14150395207817057
2026-06-10,2.430233727194208,0.0,283,17,-0.028259026500500828,2.913125725199841,-0.1657642146469689
2026-06-11,2.521912040242766,0.008217273710537043,275,25,0.037724072389697216,2.913125725199841,-0.1342934434902351
2026-06-12,2.5509687006089568,0.04952266823333118,269,28,0.011521678751093,2.913125725199841,-0.12431905065341464
2026-06-15,2.5827609359050916,0.05702991297283666,145,24,0.012462808849259988,2.913125725199841,-0.11340560636876951
2026-06-16,2.5582784962734486,0.07855079964929312,116,22,-0.009479173736636759,2.913125725199841,-0.12180978865992809
2026-06-17,2.5754320301356564,0.054058331786952185,116,17,0.006705108097962986,2.913125725199841,-0.11592142836231989
2026-06-18,2.6131610117367092,0.027456537423941496,113,22,0.014649573803376725,2.913125725199841,-0.10297005407912974
2026-06-19,2.502021373088417,0.010957638886363141,118,33,-0.0425307274022233,2.913125725199841,-0.14112139018072145
2026-06-22,2.513098702282597,0.008063777403875316,119,25,0.004427351945641478,2.913125725199841,-0.13731883229646824
2026-06-23,2.264767282318171,5.551115123125783e-17,187,90,-0.09881482957230103,2.913125725199841,-0.22256452485832634
2026-06-24,2.298956308049999,0.0,202,32,0.015096043641549262,2.913125725199841,-0.21082832499709914
2026-06-25,2.220076040714668,0.0008699317662810291,246,66,-0.034311338175121,2.913125725199841,-0.23790586121635027
2026-06-26,2.1234420666555796,0.016104250245598972,326,113,-0.043527326220763496,2.913125725199841,-0.27107778140611805
2026-06-29,2.301052823879858,0.013078410796983964,314,13,0.08364285516110903,2.913125725199841,-0.21010864585255573
2026-06-30,2.2953242650047216,0.00014013602387896729,237,13,-0.002489538186905782,2.913125725199841,-0.2120751105422125
2026-07-01,2.3755988982872656,5.551115123125783e-17,222,17,0.034973112298962494,2.913125725199841,-0.1845189249000576
2026-07-02,2.186964838086675,0.0,223,67,-0.07940484411597859,2.913125725199841,-0.24927207254789918
2026-07-03,2.1748933556165375,0.011004829858806464,119,9,-0.005519742366182023,2.913125725199841,-0.2534158972945325
2026-07-06,2.1080063337405197,0.012827779724034372,162,56,-0.03075416167109335,2.913125725199841,-0.27637646549020467
2026-07-07,2.024194992042907,0.0,178,29,-0.039758581535613735,2.913125725199841,-0.3051467107881014
2026-07-08,1.8962778142750862,0.0,306,145,-0.06319409852838387,2.913125725199841,-0.3490573380093298
2026-07-09,1.9390822382379647,0.015177547044048001,307,68,0.022572865452861857,2.913125725199841,-0.33436369688268663
2026-07-10,2.1180887864074034,0.0018991635676385843,307,9,0.09231508836474167,2.913125725199841,-0.27291542274163194
2026-07-13,1.977675233634005,0.009698481934420689,295,44,-0.06629257171582537,2.913125725199841,-0.3211157292230028
2026-07-14,1.9358439463031911,0.027567512329970734,313,47,-0.02115174757684979,2.913125725199841,-0.3354753179523716
2026-07-15,2.130497485368547,0.002875040657233041,173,5,0.10055228854426956,2.913125725199841,-0.26865584037832946
2026-07-16,2.024063884099413,0.0,118,13,-0.04995715883265761,2.913125725199841,-0.3051917167218857
2026-07-20,1.9272675034962181,0.026116008464440787,216,107,-0.047822789272416455,2.913125725199841,-0.33841938683782447
2026-07-21,1.9049078208448518,0.019779882939748528,228,56,-0.01160175357639981,2.913125725199841,-0.3460948820826555
2026-07-22,1.906932060103682,0.0,201,20,0.001062644206023755,2.913125725199841,-0.34540001359781125
2026-07-23,2.0284019971457945,0.0,200,4,0.06369914250406383,2.913125725199841,-0.30370255578082006
2026-07-24,1.9309086569587208,0.0,209,22,-0.04806411171171121,2.913125725199841,-0.3371694739243497
2026-07-27,1.88053684009616,0.028951732464553626,107,5,-0.026087104991232013,2.913125725199841,-0.3544608034494787
2026-07-28,1.7013615947379224,0.03390761002711595,188,137,-0.09527877441054311,2.913125725199841,-0.41596698693077905
2026-07-29,1.5432526131939395,0.04710947660320797,354,186,-0.09293085140336554,2.913125725199841,-0.47024167208297474
2026-07-30,1.495474812515119,0.04051822792604598,553,203,-0.030959157477102095,2.913125725199841,-0.4866425435817642
2026-07-31,1.7444366548363763,0.004928231134865013,549,18,0.16647678733053928,2.913125725199841,-0.4011804434850791
2026-08-03,1.7885155404348687,0.0,549,5,0.025268263812437963,2.913125725199841,-0.3860493129550129
2026-08-04,1.9057034991666564,0.0,418,5,0.06552247161536773,2.913125725199841,-0.3458217464898723
2026-08-05,1.9753546719399266,0.027013721538226898,235,3,0.03654879828038715,2.913125725199841,-0.3219123174629146
2026-08-06,1.9647709891802583,0.0015912129094064476,35,3,-0.005357864544534907,2.913125725199841,-0.3255454194152658
2026-08-07,1.9702068363045124,0.007670302817875008,26,9,0.0027666568542534797,2.913125725199841,-0.32367943502700836
2026-08-10,2.103125646578453,0.0,23,2,0.06746439400406024,2.913125725199841,-0.27805187795862185
2026-08-11,2.042552312480527,0.021460580034094456,23,5,-0.028801576451921385,2.913125725199841,-0.29884512198991775
2026-08-12,2.051360316476919,0.02340777924465992,28,8,0.004312253812337241,2.913125725199841,-0.29582156419417993
2026-08-13,2.149843586580168,0.0,30,5,0.04800876243544949,2.913125725199841,-0.2620148289574119
2026-08-14,2.187825358540035,0.0,27,6,0.01766722574468127,2.913125725199841,-0.2489766783443753
2026-08-18,2.1076353229926994,0.04150505919174108,30,5,-0.036652850390603176,2.913125725199841,-0.27650382379287275
2026-08-19,2.1375135054077945,0.06562880416805283,32,7,0.014176163252317409,2.913125725199841,-0.2662474238865332
2026-08-20,2.151484915491893,0.07137321285513287,29,5,0.006536290904713082,2.913125725199841,-0.26145140359697294
2026-08-21,2.117097111067748,0.05113439058950703,30,7,-0.015983288647079652,2.913125725199841,-0.27325583899317807
2026-08-24,2.1007631613296773,0.004235247947712739,31,7,-0.007715257676504383,2.913125725199841,-0.27886285746024075
2026-08-25,2.1277583823848394,0.003628941106704975,30,4,0.012850197276915054,2.913125725199841,-0.269596102914894
2026-08-26,2.120020740390731,0.004974719605573219,28,5,-0.0036365228581243247,2.913125725199841,-0.2722522333823071
2026-08-27,2.1252104144497457,0.006381435003344815,24,1,0.0024479355131488134,2.913125725199841,-0.2704707537797889
2026-08-28,2.172728453237154,0.02584804990126155,21,4,0.02235921604012625,2.913125725199841,-0.25415905175596076
2026-08-31,2.19428595919676,0.0,17,3,0.00992185927674849,2.913125725199841,-0.24675892282464684
2026-09-01,2.107575526344071,0.0,15,2,-0.03951646889470595,2.913125725199841,-0.2765243504210615
2026-09-02,2.06645501421317,0.0,14,4,-0.01951081307260727,2.913125725199841,-0.29063994858257935
2026-09-03,2.0056291944814726,0.0038273157952424253,15,2,-0.029434862754492475,2.913125725199841,-0.3115198643395709
2026-09-04,2.0597087645703507,0.012121302944880008,13,2,0.026963892546877144,2.913125725199841,-0.2929557599409637
2026-09-07,2.0332722637463214,0.0,13,3,-0.012835067403106248,2.913125725199841,-0.3020307204190995
2026-09-08,1.916246047592815,0.0,15,4,-0.05755560543470195,2.913125725199841,-0.34220276488020096
2026-09-09,1.9305577259614155,0.025753105549026545,15,4,0.00746860163734131,2.913125725199841,-0.3372899393729466
2026-09-10,1.9467029853896092,0.029273295670872612,15,2,0.0083630026758994,2.913125725199841,-0.33174769336257703
2026-09-11,1.9827667473237232,0.0,17,4,0.01852555947403367,2.913125725199841,-0.3193679455123054
2026-09-14,1.9582793076206113,0.0,19,5,-0.012350136361810704,2.913125725199841,-0.3277738441974478
2026-09-15,1.9199257763676871,0.0,18,3,-0.01958532222838283,2.913125725199841,-0.3409396100691878
2026-09-16,1.913221877311631,0.0024589964602054204,16,2,-0.0034917490762269576,2.913125725199841,-0.3432408835769065
2026-09-17,1.4886426582241865,0.03995858196211283,14,1,-0.22191844245689007,2.913125725199841,-0.48898784376288285
2026-09-18,1.2155711939319584,0.11263940574609754,10,8,-0.1834365438768073,2.913125725199841,-0.5827261475820547
2026-09-21,1.0375983695559388,0.2226113517558802,5,9,-0.14641086039587548,2.913125725199841,-0.6438195713352677
2026-09-22,0.8177312785245993,0.4209111316672605,2,10,-0.21189999664844894,2.913125725199841,-0.7192942029755676
2026-09-23,0.8201652813723345,0.8201652813723345,0,7,0.0029765314250016495,2.913125725199841,-0.7184586733495442
